scrape_date,scrape_timestamp,category,product_id,brand,price,mrp,availability,product_url,image_url,rating,discount,main_category,sub_category,capacity_litres,star_rating,model_name
2026-02-03,2026-02-03 12:16:03,refrigerator,226091,Whirlpool,22990,30690,Unavailable,https://www.vijaysales.com/p/226091/whirlpool-235-litres-2-star-frost-free-double-door-refrigerator-with-faster-bottle-cooling-anti-odour-action-neo-df278-prm-steel,https://vsprod.vijaysales.com/media/catalog/product/2/2/226091-image1.jpg,4,25.09,Large Appliances,Double Door,235,2,"NEO DF278 PRM, Steel"
2026-02-03,2026-02-03 12:16:03,refrigerator,215017,Samsung,14990,19999,Available,https://www.vijaysales.com/p/215017/samsung-183-litres-3-star-single-door-refrigerator-with-digital-inverter-technology-direct-cool-rr20c2y23s8-nl,https://vsprod.vijaysales.com/media/catalog/product/2/1/215017-image1_1.jpg,5,25.05,Large Appliances,Single Door,183,3,RR20C2Y23S8/NL
2026-02-03,2026-02-03 12:16:03,refrigerator,226094,Whirlpool,35990,52850,Available,https://www.vijaysales.com/p/226094/whirlpool-312-litres-3-star-frost-free-double-door-inverter-bottom-mount-refrigerator-with-10-in-1-convertible-intellifresh-pro-steel-onyx,https://vsprod.vijaysales.com/media/catalog/product/2/2/226094_1_.jpg,4,31.9,Large Appliances,Double Door,312,3,"Intellifresh Pro, Steel Onyx"
2026-02-03,2026-02-03 12:16:03,refrigerator,154816,LG,24990,33499,Available,https://www.vijaysales.com/p/P154816/154816/lg-242-l-frost-free-2-star-double-door-refrigerator-with-smart-inverter-compressor-led-lighting-toughened-glass-shelves-gl-n292ddsy-dazzle-steel,https://vsprod.vijaysales.com/media/catalog/product/r/e/ref_ff_vijay_sales_gl-n292ddsy.jpg,4,25.4,Large Appliances,Double Door,242,2,"GL-N292DDSY, Dazzle Steel"
2026-02-03,2026-02-03 12:16:03,refrigerator,200978,LG,38490,53099,Available,https://www.vijaysales.com/p/P154816/200978/lg-408-ltrs-2-star-frost-free-double-door-refrigerator-gln412sdsy-dazzle-steel,https://vsprod.vijaysales.com/media/catalog/product/2/0/200978-image1_2.jpg,5,27.51,Large Appliances,Double Door,380,2,"GL-N412SDSY, Dazzle Steel"
2026-02-03,2026-02-03 12:16:03,refrigerator,214083,Samsung,17790,23999,Available,https://www.vijaysales.com/p/214083/samsung-5-star-horizontal-curve-design-single-door-refrigerator-with-direct-cool-digital-inverter-compressor-rr21c2h25dx-hl,https://vsprod.vijaysales.com/media/catalog/product/2/1/214083-image1_1.jpg,4,25.87,Large Appliances,Single Door,189,5,RR21C2H25DX/HL
2026-02-03,2026-02-03 12:16:03,refrigerator,213949,Samsung,23990,32990,Available,https://www.vijaysales.com/p/213949/samsung-236-litres-digital-inverter-technology-double-door-refrigerator-with-egg-container-interior-led-light-elegant-inox-rt28c3042s8-hl,https://vsprod.vijaysales.com/media/catalog/product/2/1/213949-image1_1.jpg,5,27.28,Large Appliances,Double Door,236,2,"Elegant Inox, RT28C3042S8/HL"
2026-02-03,2026-02-03 12:16:03,refrigerator,235899,Samsung,16990,21999,Available,https://www.vijaysales.com/p/235899/samsung-183-litres-5-star-direct-cool-inverter-refrigerator-with-toughened-glass-shelves-base-stand-drawer-deep-door-guard-vegetable-box-rr20d2825cu-nl-camellia-blue,https://vsprod.vijaysales.com/media/catalog/product/2/3/235899_1_.jpg,4,22.77,Large Appliances,Single Door,183,5,"RR20D2825CU/NL, Camellia Blue"
2026-02-03,2026-02-03 12:16:03,refrigerator,214199,LG,14990,19899,Available,https://www.vijaysales.com/p/214199/lg-185-litres-3-star-direct-cool-single-door-refrigerator-fastest-ice-making-base-stand-with-drawer-smart-connect-works-without-stabilizer-gl-d199osed-scarlet-euphoria,https://vsprod.vijaysales.com/media/catalog/product/2/1/214199.jpg,5,24.67,Large Appliances,Single Door,185,3,"GL-D199OSED, Scarlet Euphoria"
2026-02-03,2026-02-03 12:16:03,refrigerator,215027,Whirlpool,24100,34950,Unavailable,https://www.vijaysales.com/p/215027/whirlpool-intellifresh-pro-235-litres-2-star-frost-free-double-door-inverter-convertible-refrigerator-if-pro-278-inv-cnv-is-2s-illusia-steel,https://vsprod.vijaysales.com/media/catalog/product/2/1/215027-image1_1.jpg,5,31.04,Large Appliances,Double Door,235,2,"IF PRO 278 INV CNV IS 2S, Illusia Steel"
2026-02-03,2026-02-03 12:16:03,refrigerator,229638,Haier,38990,62990,Available,https://www.vijaysales.com/p/229638/haier-325-litres-2-star-double-door-frost-free-inverter-bottom-mount-refrigerator-with-magic-cooling-14-in-1-convertible-hrb-3752pkg-p,https://vsprod.vijaysales.com/media/catalog/product/2/2/229638-image.jpg,5,38.1,Large Appliances,Double Door,325,2,HRB-3752PKG-P
2026-02-03,2026-02-03 12:16:03,refrigerator,236985,LG,79340,119999,Available,https://www.vijaysales.com/p/236985/lg-650-litres-3-star-side-by-side-convertible-refrigerator-with-multi-air-flow-smart-diagnosis-smart-inverter-compressor-gl-b257jds3-dazzle-steel,https://vsprod.vijaysales.com/media/catalog/product/b/a/background1.jpg,4,33.88,Large Appliances,Side By Side,650,3,"GL-B257JDS3, Dazzle Steel"
2026-02-03,2026-02-03 12:16:03,refrigerator,242297,Haier,24990,38190,Available,https://www.vijaysales.com/p/242297/haier-237-litres-2-star-double-door-frost-free-bottom-mount-refrigerator-8-in-1-convertible-turbo-icing-2x-bigger-vegetable-box-toughened-glass-shelves-hrb-2872bsb-p-sparkle-blue,https://vsprod.vijaysales.com/media/catalog/product/2/4/242297_1_.jpg,4,34.56,Large Appliances,Double Door,237,2,"HRB-2872BSB-P, Sparkle Blue"
2026-02-03,2026-02-03 12:16:03,refrigerator,226089,Whirlpool,15690,21050,Available,https://www.vijaysales.com/p/P214455/226089/whirlpool-vitamagic-pro-192-litres-3-star-direct-cool-single-door-refrigerator-with-auto-defrost-technology-215vmproprm3sasz-alpha-steel,https://vsprod.vijaysales.com/media/catalog/product/2/2/226089_1__1.jpg,5,25.46,Large Appliances,Single Door,192,3,215 VMPRO PRM 3S ALPHA STEEL-Z
2026-02-03,2026-02-03 12:16:03,refrigerator,236531,Godrej,66900,115990,Available,https://www.vijaysales.com/p/236531/godrej-600-litres-3-star-inverter-double-door-side-by-side-refrigerator-led-display-control-panel-preset-cooling-modes-deep-storage-drawers-rs-eon-velvet-646c-rit-opera-black,https://vsprod.vijaysales.com/media/catalog/product/2/3/236531_1__1.jpg,5,42.32,Large Appliances,Side By Side,600,3,"RS EON VELVET 646C RIT, Opera Black"
2026-02-03,2026-02-03 12:16:03,refrigerator,229887,LLOYD,9990,14290,Available,https://www.vijaysales.com/p/229887/lloyd-92-litres-1-star-direct-cool-single-door-mini-refrigerator-grey-metallic,https://vsprod.vijaysales.com/media/catalog/product/7/1/71uvboadngl._sl1500_.jpg,5,30.09,Large Appliances,Single Door,92,1,Grey Metallic
2026-02-03,2026-02-03 12:16:03,refrigerator,224980,Voltas Beko,13990,25990,Available,https://www.vijaysales.com/p/224980/voltas-beko-175-litres-2-star-single-door-direct-cool-refrigerator-with-chiller-zone-stabilizer-free-operation-fresh-box-rdc208d-s0abe0m0000gd,https://vsprod.vijaysales.com/media/catalog/product/2/2/224980-image1.jpg,4,46.17,Large Appliances,Single Door,175,2,RDC208D/S0ABE0M0000GD
2026-02-03,2026-02-03 12:16:03,refrigerator,200900,LG,37740,52999,Available,https://www.vijaysales.com/p/P219492/200900/lg-340-ltrs-frost-free-double-door-refrigerator-gls342spzy-shiny-steel,https://vsprod.vijaysales.com/media/catalog/product/2/0/200900-image1_2.jpg,5,28.79,Large Appliances,Double Door,322,2,"GL-S342SPZY, Shiny Steel"
2026-02-03,2026-02-03 12:16:03,refrigerator,214203,LG,30490,38999,Available,https://www.vijaysales.com/p/P154816/214203/lg-272-litres-2-star-frost-free-double-door-refrigerator-with-smart-diagnosis-smart-inverter-compressor-gl-n312sdsy-dazzle-steel,https://vsprod.vijaysales.com/media/catalog/product/2/1/214203_3_2.jpg,4,21.82,Large Appliances,Double Door,272,2,GL-N312SDSY Dazzle Steel
2026-02-03,2026-02-03 12:16:03,refrigerator,200901,LG,37599,49999,Available,https://www.vijaysales.com/p/P219492/200901/lg-360-ltrs-frost-free-double-door-refrigerator-gls382spzy-shiny-steel,https://vsprod.vijaysales.com/media/catalog/product/2/0/200901_4_.jpg,5,24.8,Large Appliances,Double Door,343,3,"GL-S382SPZY, Shiny Steel"
2026-02-03,2026-02-03 12:16:03,refrigerator,237997,LG,48990,64999,Available,https://www.vijaysales.com/p/237997/lg-340-litres-3-star-frost-free-double-door-smart-wifi-enabled-refrigerator-with-door-cooling-plus-multi-air-flow-fast-cooling-wi-fi-lg-thinq-gl-b382dpzx-shiny-steel,https://vsprod.vijaysales.com/media/catalog/product/b/a/background_3.jpg,4,24.63,Large Appliances,Double Door,340,3,LG ThinQ
2026-02-03,2026-02-03 12:16:03,refrigerator,224979,Voltas Beko,12990,24090,Available,https://www.vijaysales.com/p/224979/voltas-beko-175-litres-1-star-single-door-direct-cool-refrigerator-with-chiller-zone-stabilizer-free-operation-fresh-box-rdc208e-s0pwe0m0000gd,https://vsprod.vijaysales.com/media/catalog/product/a/5/a5184d86-b7fa-4c78-b449-9a7a5464b25e24141310.jpg,4,46.08,Large Appliances,Single Door,175,1,RDC208E / S0PWE0M0000GD
2026-02-03,2026-02-03 12:16:03,refrigerator,228749,LG,56990,74799,Available,https://www.vijaysales.com/p/228749/lg-466-litres-frost-free-double-door-refrigerator-with-smart-inverter-compressor-convertible-wifi-support-glt492mesy-ebony-sheen,https://vsprod.vijaysales.com/media/catalog/product/2/2/228749-image.jpg,4,23.81,Large Appliances,Double Door,466,3,"GLT492MESY, Ebony Sheen"
2026-02-03,2026-02-03 12:16:03,refrigerator,228934,Samsung,19990,26999,Available,https://www.vijaysales.com/p/228934/samsung-215-litres-5-star-direct-cool-single-door-refrigerator-with-digital-inverter-technology-rr23d2h259r-hl-paradise-bloom-purple,https://vsprod.vijaysales.com/media/catalog/product/2/2/228934-image1.jpg,5,25.96,Large Appliances,Single Door,215,5,5 Star
2026-02-03,2026-02-03 12:16:03,refrigerator,238913,IFB,13490,18850,Available,https://www.vijaysales.com/p/238913/ifb-187-litres-2-star-direct-cool-refrigerator-with-converti-cool-technology-fast-ice-copper-boost-toughened-glass-shelves-stabilizer-free-operation-ifbdc-2132fcs-cobalt-blue,https://vsprod.vijaysales.com/media/catalog/product/2/3/238913_1_.jpg,5,28.44,Large Appliances,Single Door,187,2,"IFBDC-2132FCS, Cobalt Blue"
2026-02-03,2026-02-03 12:16:03,refrigerator,231935,Samsung,46490,68990,Available,https://www.vijaysales.com/p/231935/samsung-396-litres-2-star-bespoke-ai-double-door-refrigerator-with-convertible-5-in-1-smartthings-ai-energy-mode-rt41db6a4b22-black-glass,https://vsprod.vijaysales.com/media/catalog/product/2/3/231935_1_.jpg,4,32.61,Large Appliances,Double Door,396,2,"RT41DB6A4B22, Black Glass"
2026-02-03,2026-02-03 12:16:03,refrigerator,238984,Voltas,16490,31390,Available,https://www.vijaysales.com/p/238984/voltas-beko-185-litres-5-star-direct-cool-single-door-refrigerator-quick-freeze-fresh-box-crisper-humidity-controller-flexlift-door-shelf-door-lock-rdc220a-w0bdetm0000gd-peony-delight-blue,https://vsprod.vijaysales.com/media/catalog/product/2/3/238984_1_.jpg,4,47.47,Large Appliances,Single Door,185,5,"RDC220A / W0BDETM0000GD, Peony Delight Blue"
2026-02-03,2026-02-03 12:16:03,refrigerator,229639,Haier,30500,47990,Available,https://www.vijaysales.com/p/229639/haier-300-litres-2-star-bottom-mounted-frost-free-double-door-inverter-refrigerator-with-turbo-icing-technology-hrb-3502bs-p-brushline-silver,https://vsprod.vijaysales.com/media/catalog/product/2/2/229639-image_8.jpg,4,36.45,Large Appliances,Double Door,300,2,"HRB-3502BS-P, Brushline Silver"
2026-02-03,2026-02-03 12:16:03,refrigerator,224672,Haier,62990,111390,Available,https://www.vijaysales.com/p/224672/haier-602-l-side-by-side-refrigerator-with-3-star-frost-free-wifi-enabled-stabilizer-free-operation-hrs-682ssu1-shiny-steel,https://vsprod.vijaysales.com/media/catalog/product/2/2/224672-image.jpg,4,43.45,Large Appliances,Side By Side,602,3,"HRS-682SSU1, Shiny Steel"
2026-02-03,2026-02-03 12:16:03,refrigerator,238076,Samsung,39990,57990,Unavailable,https://www.vijaysales.com/p/238076/samsung-350-litres-2-star-double-door-frost-free-inverter-refrigerator-with-convertible-5-in-1-wi-fi-enabled-twin-cooling-plus-rt38dg5a2bbxhl-luxe-black,https://vsprod.vijaysales.com/media/catalog/product/2/3/238076_1_.jpg,5,31.04,Large Appliances,Double Door,350,2,"RT38DG5A2BBXHL, Luxe Black"
2026-02-03,2026-02-03 12:16:03,refrigerator,226091,Whirlpool,22990,30690,Unavailable,https://www.vijaysales.com/p/226091/whirlpool-235-litres-2-star-frost-free-double-door-refrigerator-with-faster-bottle-cooling-anti-odour-action-neo-df278-prm-steel,https://vsprod.vijaysales.com/media/catalog/product/2/2/226091-image1.jpg,4,25.09,Large Appliances,Double Door,235,2,"NEO DF278 PRM, Steel"
2026-02-03,2026-02-03 12:16:03,refrigerator,215017,Samsung,14990,19999,Available,https://www.vijaysales.com/p/215017/samsung-183-litres-3-star-single-door-refrigerator-with-digital-inverter-technology-direct-cool-rr20c2y23s8-nl,https://vsprod.vijaysales.com/media/catalog/product/2/1/215017-image1_1.jpg,5,25.05,Large Appliances,Single Door,183,3,RR20C2Y23S8/NL
2026-02-03,2026-02-03 12:16:03,refrigerator,226094,Whirlpool,35990,52850,Available,https://www.vijaysales.com/p/226094/whirlpool-312-litres-3-star-frost-free-double-door-inverter-bottom-mount-refrigerator-with-10-in-1-convertible-intellifresh-pro-steel-onyx,https://vsprod.vijaysales.com/media/catalog/product/2/2/226094_1_.jpg,4,31.9,Large Appliances,Double Door,312,3,"Intellifresh Pro, Steel Onyx"
2026-02-03,2026-02-03 12:16:03,refrigerator,154816,LG,24990,33499,Available,https://www.vijaysales.com/p/P154816/154816/lg-242-l-frost-free-2-star-double-door-refrigerator-with-smart-inverter-compressor-led-lighting-toughened-glass-shelves-gl-n292ddsy-dazzle-steel,https://vsprod.vijaysales.com/media/catalog/product/r/e/ref_ff_vijay_sales_gl-n292ddsy.jpg,4,25.4,Large Appliances,Double Door,242,2,"GL-N292DDSY, Dazzle Steel"
2026-02-03,2026-02-03 12:16:03,refrigerator,200978,LG,38490,53099,Available,https://www.vijaysales.com/p/P154816/200978/lg-408-ltrs-2-star-frost-free-double-door-refrigerator-gln412sdsy-dazzle-steel,https://vsprod.vijaysales.com/media/catalog/product/2/0/200978-image1_2.jpg,4,27.51,Large Appliances,Double Door,380,2,"GL-N412SDSY, Dazzle Steel"
2026-02-03,2026-02-03 12:16:03,refrigerator,214083,Samsung,17790,23999,Available,https://www.vijaysales.com/p/214083/samsung-5-star-horizontal-curve-design-single-door-refrigerator-with-direct-cool-digital-inverter-compressor-rr21c2h25dx-hl,https://vsprod.vijaysales.com/media/catalog/product/2/1/214083-image1_1.jpg,5,25.87,Large Appliances,Single Door,189,5,RR21C2H25DX/HL
2026-02-03,2026-02-03 12:16:03,refrigerator,213949,Samsung,23990,32990,Available,https://www.vijaysales.com/p/213949/samsung-236-litres-digital-inverter-technology-double-door-refrigerator-with-egg-container-interior-led-light-elegant-inox-rt28c3042s8-hl,https://vsprod.vijaysales.com/media/catalog/product/2/1/213949-image1_1.jpg,4,27.28,Large Appliances,Double Door,236,2,"Elegant Inox, RT28C3042S8/HL"
2026-02-03,2026-02-03 12:16:03,refrigerator,235899,Samsung,16990,21999,Available,https://www.vijaysales.com/p/235899/samsung-183-litres-5-star-direct-cool-inverter-refrigerator-with-toughened-glass-shelves-base-stand-drawer-deep-door-guard-vegetable-box-rr20d2825cu-nl-camellia-blue,https://vsprod.vijaysales.com/media/catalog/product/2/3/235899_1_.jpg,4,22.77,Large Appliances,Single Door,183,5,"RR20D2825CU/NL, Camellia Blue"
2026-02-03,2026-02-03 12:16:03,refrigerator,214199,LG,14990,19899,Available,https://www.vijaysales.com/p/214199/lg-185-litres-3-star-direct-cool-single-door-refrigerator-fastest-ice-making-base-stand-with-drawer-smart-connect-works-without-stabilizer-gl-d199osed-scarlet-euphoria,https://vsprod.vijaysales.com/media/catalog/product/2/1/214199.jpg,5,24.67,Large Appliances,Single Door,185,3,"GL-D199OSED, Scarlet Euphoria"
2026-02-03,2026-02-03 12:16:03,refrigerator,215027,Whirlpool,24100,34950,Unavailable,https://www.vijaysales.com/p/215027/whirlpool-intellifresh-pro-235-litres-2-star-frost-free-double-door-inverter-convertible-refrigerator-if-pro-278-inv-cnv-is-2s-illusia-steel,https://vsprod.vijaysales.com/media/catalog/product/2/1/215027-image1_1.jpg,4,31.04,Large Appliances,Double Door,235,2,"IF PRO 278 INV CNV IS 2S, Illusia Steel"
2026-02-03,2026-02-03 12:16:03,refrigerator,229638,Haier,38990,62990,Available,https://www.vijaysales.com/p/229638/haier-325-litres-2-star-double-door-frost-free-inverter-bottom-mount-refrigerator-with-magic-cooling-14-in-1-convertible-hrb-3752pkg-p,https://vsprod.vijaysales.com/media/catalog/product/2/2/229638-image.jpg,5,38.1,Large Appliances,Double Door,325,2,HRB-3752PKG-P
2026-02-03,2026-02-03 12:16:03,refrigerator,236985,LG,79340,119999,Available,https://www.vijaysales.com/p/236985/lg-650-litres-3-star-side-by-side-convertible-refrigerator-with-multi-air-flow-smart-diagnosis-smart-inverter-compressor-gl-b257jds3-dazzle-steel,https://vsprod.vijaysales.com/media/catalog/product/b/a/background1.jpg,4,33.88,Large Appliances,Side By Side,650,3,"GL-B257JDS3, Dazzle Steel"
2026-02-03,2026-02-03 12:16:03,refrigerator,242297,Haier,24990,38190,Available,https://www.vijaysales.com/p/242297/haier-237-litres-2-star-double-door-frost-free-bottom-mount-refrigerator-8-in-1-convertible-turbo-icing-2x-bigger-vegetable-box-toughened-glass-shelves-hrb-2872bsb-p-sparkle-blue,https://vsprod.vijaysales.com/media/catalog/product/2/4/242297_1_.jpg,4,34.56,Large Appliances,Double Door,237,2,"HRB-2872BSB-P, Sparkle Blue"
2026-02-03,2026-02-03 12:16:03,refrigerator,226089,Whirlpool,15690,21050,Available,https://www.vijaysales.com/p/P214455/226089/whirlpool-vitamagic-pro-192-litres-3-star-direct-cool-single-door-refrigerator-with-auto-defrost-technology-215vmproprm3sasz-alpha-steel,https://vsprod.vijaysales.com/media/catalog/product/2/2/226089_1__1.jpg,5,25.46,Large Appliances,Single Door,192,3,215 VMPRO PRM 3S ALPHA STEEL-Z
2026-02-03,2026-02-03 12:16:03,refrigerator,236531,Godrej,66900,115990,Available,https://www.vijaysales.com/p/236531/godrej-600-litres-3-star-inverter-double-door-side-by-side-refrigerator-led-display-control-panel-preset-cooling-modes-deep-storage-drawers-rs-eon-velvet-646c-rit-opera-black,https://vsprod.vijaysales.com/media/catalog/product/2/3/236531_1__1.jpg,5,42.32,Large Appliances,Side By Side,600,3,"RS EON VELVET 646C RIT, Opera Black"
2026-02-03,2026-02-03 12:16:03,refrigerator,229887,LLOYD,9990,14290,Available,https://www.vijaysales.com/p/229887/lloyd-92-litres-1-star-direct-cool-single-door-mini-refrigerator-grey-metallic,https://vsprod.vijaysales.com/media/catalog/product/7/1/71uvboadngl._sl1500_.jpg,4,30.09,Large Appliances,Single Door,92,1,Grey Metallic
2026-02-03,2026-02-03 12:16:03,refrigerator,224980,Voltas Beko,13990,25990,Available,https://www.vijaysales.com/p/224980/voltas-beko-175-litres-2-star-single-door-direct-cool-refrigerator-with-chiller-zone-stabilizer-free-operation-fresh-box-rdc208d-s0abe0m0000gd,https://vsprod.vijaysales.com/media/catalog/product/2/2/224980-image1.jpg,4,46.17,Large Appliances,Single Door,175,2,RDC208D/S0ABE0M0000GD
2026-02-03,2026-02-03 12:16:03,refrigerator,200900,LG,37740,52999,Available,https://www.vijaysales.com/p/P219492/200900/lg-340-ltrs-frost-free-double-door-refrigerator-gls342spzy-shiny-steel,https://vsprod.vijaysales.com/media/catalog/product/2/0/200900-image1_2.jpg,4,28.79,Large Appliances,Double Door,322,2,"GL-S342SPZY, Shiny Steel"
2026-02-03,2026-02-03 12:16:03,refrigerator,214203,LG,30490,38999,Available,https://www.vijaysales.com/p/P154816/214203/lg-272-litres-2-star-frost-free-double-door-refrigerator-with-smart-diagnosis-smart-inverter-compressor-gl-n312sdsy-dazzle-steel,https://vsprod.vijaysales.com/media/catalog/product/2/1/214203_3_2.jpg,5,21.82,Large Appliances,Double Door,272,2,GL-N312SDSY Dazzle Steel
2026-02-03,2026-02-03 12:16:03,refrigerator,200901,LG,37599,49999,Available,https://www.vijaysales.com/p/P219492/200901/lg-360-ltrs-frost-free-double-door-refrigerator-gls382spzy-shiny-steel,https://vsprod.vijaysales.com/media/catalog/product/2/0/200901_4_.jpg,4,24.8,Large Appliances,Double Door,343,2,"GL-S382SPZY, Shiny Steel"
2026-02-03,2026-02-03 12:16:03,refrigerator,237997,LG,48990,64999,Available,https://www.vijaysales.com/p/237997/lg-340-litres-3-star-frost-free-double-door-smart-wifi-enabled-refrigerator-with-door-cooling-plus-multi-air-flow-fast-cooling-wi-fi-lg-thinq-gl-b382dpzx-shiny-steel,https://vsprod.vijaysales.com/media/catalog/product/b/a/background_3.jpg,5,24.63,Large Appliances,Double Door,340,3,LG ThinQ
2026-02-03,2026-02-03 12:16:03,refrigerator,224979,Voltas Beko,12990,24090,Available,https://www.vijaysales.com/p/224979/voltas-beko-175-litres-1-star-single-door-direct-cool-refrigerator-with-chiller-zone-stabilizer-free-operation-fresh-box-rdc208e-s0pwe0m0000gd,https://vsprod.vijaysales.com/media/catalog/product/a/5/a5184d86-b7fa-4c78-b449-9a7a5464b25e24141310.jpg,5,46.08,Large Appliances,Single Door,175,1,RDC208E / S0PWE0M0000GD
2026-02-03,2026-02-03 12:16:03,refrigerator,228749,LG,56990,74799,Available,https://www.vijaysales.com/p/228749/lg-466-litres-frost-free-double-door-refrigerator-with-smart-inverter-compressor-convertible-wifi-support-glt492mesy-ebony-sheen,https://vsprod.vijaysales.com/media/catalog/product/2/2/228749-image.jpg,4,23.81,Large Appliances,Double Door,466,3,"GLT492MESY, Ebony Sheen"
2026-02-03,2026-02-03 12:16:03,refrigerator,228934,Samsung,19990,26999,Available,https://www.vijaysales.com/p/228934/samsung-215-litres-5-star-direct-cool-single-door-refrigerator-with-digital-inverter-technology-rr23d2h259r-hl-paradise-bloom-purple,https://vsprod.vijaysales.com/media/catalog/product/2/2/228934-image1.jpg,5,25.96,Large Appliances,Single Door,215,5,5 Star
2026-02-03,2026-02-03 12:16:03,refrigerator,238913,IFB,13490,18850,Available,https://www.vijaysales.com/p/238913/ifb-187-litres-2-star-direct-cool-refrigerator-with-converti-cool-technology-fast-ice-copper-boost-toughened-glass-shelves-stabilizer-free-operation-ifbdc-2132fcs-cobalt-blue,https://vsprod.vijaysales.com/media/catalog/product/2/3/238913_1_.jpg,4,28.44,Large Appliances,Single Door,187,2,"IFBDC-2132FCS, Cobalt Blue"
2026-02-03,2026-02-03 12:16:03,refrigerator,231935,Samsung,46490,68990,Available,https://www.vijaysales.com/p/231935/samsung-396-litres-2-star-bespoke-ai-double-door-refrigerator-with-convertible-5-in-1-smartthings-ai-energy-mode-rt41db6a4b22-black-glass,https://vsprod.vijaysales.com/media/catalog/product/2/3/231935_1_.jpg,5,32.61,Large Appliances,Double Door,396,2,"RT41DB6A4B22, Black Glass"
2026-02-03,2026-02-03 12:16:03,refrigerator,238984,Voltas,16490,31390,Available,https://www.vijaysales.com/p/238984/voltas-beko-185-litres-5-star-direct-cool-single-door-refrigerator-quick-freeze-fresh-box-crisper-humidity-controller-flexlift-door-shelf-door-lock-rdc220a-w0bdetm0000gd-peony-delight-blue,https://vsprod.vijaysales.com/media/catalog/product/2/3/238984_1_.jpg,5,47.47,Large Appliances,Single Door,185,5,"RDC220A / W0BDETM0000GD, Peony Delight Blue"
2026-02-03,2026-02-03 12:16:03,refrigerator,229639,Haier,30500,47990,Available,https://www.vijaysales.com/p/229639/haier-300-litres-2-star-bottom-mounted-frost-free-double-door-inverter-refrigerator-with-turbo-icing-technology-hrb-3502bs-p-brushline-silver,https://vsprod.vijaysales.com/media/catalog/product/2/2/229639-image_8.jpg,5,36.45,Large Appliances,Double Door,300,2,"HRB-3502BS-P, Brushline Silver"
2026-02-03,2026-02-03 12:16:03,refrigerator,224672,Haier,62990,111390,Available,https://www.vijaysales.com/p/224672/haier-602-l-side-by-side-refrigerator-with-3-star-frost-free-wifi-enabled-stabilizer-free-operation-hrs-682ssu1-shiny-steel,https://vsprod.vijaysales.com/media/catalog/product/2/2/224672-image.jpg,5,43.45,Large Appliances,Side By Side,602,3,"HRS-682SSU1, Shiny Steel"
2026-02-03,2026-02-03 12:16:03,refrigerator,238076,Samsung,39990,57990,Unavailable,https://www.vijaysales.com/p/238076/samsung-350-litres-2-star-double-door-frost-free-inverter-refrigerator-with-convertible-5-in-1-wi-fi-enabled-twin-cooling-plus-rt38dg5a2bbxhl-luxe-black,https://vsprod.vijaysales.com/media/catalog/product/2/3/238076_1_.jpg,5,31.04,Large Appliances,Double Door,350,2,"RT38DG5A2BBXHL, Luxe Black"
2026-02-03,2026-02-03 12:16:03,refrigerator,215138,Haier,40990,61490,Available,https://www.vijaysales.com/p/215138/haier-355-litres-3-star-double-door-inverter-refrigerator-with-triple-inverter-technology-14-in-1-convertible-mode-hrb4053bisp-inox-steel,https://vsprod.vijaysales.com/media/catalog/product/2/1/215138-image1_1.jpg,4,33.34,Large Appliances,Double Door,355,3,"HRB4053BISP, Inox Steel"
2026-02-03,2026-02-03 12:16:03,refrigerator,224350,Bluestar,8790,11990,Available,https://www.vijaysales.com/p/224350/bluestar-47-litres-2-star-minibar-refrigerator-with-adjustable-temperature-toughened-glass-shelf-mr60-gb-black,https://vsprod.vijaysales.com/media/catalog/product/2/2/224350-image1_1.jpg,5,26.69,Large Appliances,Single Door,47,2,"MR60-GB, Black"
2026-02-03,2026-02-03 12:16:03,refrigerator,218162,Whirlpool,20990,27050,Unavailable,https://www.vijaysales.com/p/P218162/218162/whirlpool-236-litres-4-star-icemagic-pro-plus-direct-cool-single-door-inverter-refrigerator-260-impro-plus-roy-4s-as-z-alpha-steel-z,https://vsprod.vijaysales.com/media/catalog/product/2/1/218162-image1_1.jpg,5,22.4,Large Appliances,Single Door,236,4,"260 Icemagic Pro Plus ROY 4S AS Z, ALPHA STEEL-Z"
2026-02-03,2026-02-03 12:16:03,refrigerator,214079,Samsung,28200,41990,Unavailable,https://www.vijaysales.com/p/214079/samsung-2-star-256-litres-convertible-double-door-refrigerator-with-digital-inverter-compressor-elegant-inox-rt30c3732s8-hl,https://vsprod.vijaysales.com/media/catalog/product/2/1/214079-image1_1.jpg,5,32.84,Large Appliances,Double Door,256,2,"Elegant Inox, RT30C3732S8/HL"
2026-02-03,2026-02-03 12:16:03,refrigerator,218131,Godrej,13990,20590,Unavailable,https://www.vijaysales.com/p/218131/godrej-180-litres-3-star-direct-cool-single-door-refrigerator-with-turbo-cooling-technology-rderiopls205cthfstgl-steel-glow,https://vsprod.vijaysales.com/media/catalog/product/r/d/rderiopls205cthfstgl_1_.jpg,5,32.05,Large Appliances,Single Door,180,3,"RD ERIOPLS 205C THF ST GL, Steel Glow"
2026-02-03,2026-02-03 12:16:03,refrigerator,214085,Samsung,83990,137000,Available,https://www.vijaysales.com/p/P218271/214085/samsung-653-litres-3-star-frost-free-side-by-side-refrigerator-with-twin-cooling-plus-digital-inverter-compressor-rs76cg8113sl-hl-ez-clean-steel,https://vsprod.vijaysales.com/media/catalog/product/2/1/214085.jpg,5,38.69,Large Appliances,Side By Side,653,3,"RS76CG8113SL/HL, EZ Clean Steel"
2026-02-03,2026-02-03 12:16:03,refrigerator,200979,LG,46490,59399,Available,https://www.vijaysales.com/p/P219492/200979/lg-423-ltrs-2-star-frost-free-double-door-refrigerator-gls422spzy-shiny-steel,https://vsprod.vijaysales.com/media/catalog/product/2/0/200979_1_2.jpg,5,21.73,Large Appliances,Double Door,398,2,"GL-S422SPZY, Shiny Steel"
2026-02-03,2026-02-03 12:16:03,refrigerator,245427,Whirlpool,31990,46050,Available,https://www.vijaysales.com/p/245427/whirlpool-285-litres-2-star-double-door-frost-free-bottom-mount-refrigerator-3d-airflow-technology-high-cooling-retention-omega-steel,https://vsprod.vijaysales.com/media/catalog/product/2/4/245427.jpg,4,30.53,Large Appliances,Double Door,285,2,Omega Steel
2026-02-03,2026-02-03 12:16:03,refrigerator,238106,Haier,74990,124490,Available,https://www.vijaysales.com/p/238106/haier-520-litres-3-star-four-door-side-by-side-refrigerator-deo-fresh-technology-convertible-85-fridge-space-no-wall-partition-magic-cooling-toughened-glass-hrb-600is-inox-steel,https://vsprod.vijaysales.com/media/catalog/product/2/3/238106_3__1.jpg,4,39.76,Large Appliances,Side By Side,520,3,"HRB-600IS, Inox Steel"
2026-02-03,2026-02-03 12:16:03,refrigerator,230140,LG,107990,157499,Available,https://www.vijaysales.com/p/230140/lg-630-litres-side-by-side-refrigerator-with-3-star-wi-fi-convertible-water-ice-dispenser-smart-inverter-compressor-gl-l257cpz3-shiny-steel,https://vsprod.vijaysales.com/media/catalog/product/g/l/gl-l257cpz3_1.jpg,5,31.43,Large Appliances,Side By Side,630,3,"GL-L257CPZ3, Shiny Steel"
2026-02-03,2026-02-03 12:16:03,refrigerator,238074,Samsung,38990,56990,Unavailable,https://www.vijaysales.com/p/238074/samsung-330-litres-3-star-bespoke-ai-double-door-frost-free-refrigerator-convertible-5-in-1-twin-cooling-plus-wi-fi-enabled-power-cool-free-rt34dg5a4db1-black-matt,https://vsprod.vijaysales.com/media/catalog/product/2/3/238074_1_.jpg,5,31.58,Large Appliances,Double Door,330,3,"RT34DG5A4DB1, Black Matt"
2026-02-03,2026-02-03 12:16:03,refrigerator,218132,Godrej,27990,41590,Available,https://www.vijaysales.com/p/P217434/218132/godrej-272-litres-2-star-frost-free-double-door-refrigerator-with-cool-balance-technology-rt-eoncrystal-310b-ri-ob-onyx-black,https://vsprod.vijaysales.com/media/catalog/product/2/1/218132-image1_1.jpg,4,32.7,Large Appliances,Double Door,272,2,"RT Eon Crystal 310B RI OB, Onyx Black"
2026-02-03,2026-02-03 12:16:03,refrigerator,226092,Whirlpool,16990,24080,Available,https://www.vijaysales.com/p/226092/whirlpool-icemagic-pro-192-litres-5-star-direct-cool-single-door-inverter-refrigerator-with-magic-chiller-large-vegetable-crisper-microblock-technology-sapphire-silk,https://vsprod.vijaysales.com/media/catalog/product/2/2/226092_1_.jpg,4,29.44,Large Appliances,Single Door,192,5,Sapphire Silk
2026-02-03,2026-02-03 12:16:03,refrigerator,241293,Haier,14990,21990,Available,https://www.vijaysales.com/p/241293/haier-190-litres-single-door-direct-cool-refrigerator-one-hour-icing-technology-3-toughened-glass-shelves-stabilizer-free-operation-hrd-2103bns-p-nickel-steel,https://vsprod.vijaysales.com/media/catalog/product/2/4/241293_1_.jpg,4,31.83,Large Appliances,Single Door,190,3,"HRD-2103BNS-P, Nickel Steel"
2026-02-03,2026-02-03 12:16:03,refrigerator,242384,Midea,47990,99990,Available,https://www.vijaysales.com/p/242384/midea-563-litres-side-by-side-inverter-refrigerator-digital-control-highlight-led-2l-door-bin-portable-ice-maker-water-dispenser-easy-organization-mdrs710fgf46-bru-steel,https://vsprod.vijaysales.com/media/catalog/product/2/4/242384_1_.jpg,5,52.01,Large Appliances,Side By Side,563,1,"MDRS710FGF46, Bru Steel"
2026-02-03,2026-02-03 12:16:03,refrigerator,230048,LG,174990,247199,Available,https://www.vijaysales.com/p/230048/lg-630-l-side-by-side-refrigerator-with-3-star-instaview-wi-fi-convertible-uv-nano-self-cleaning-water-dispenser-gl-x257amc3-matte-black,https://vsprod.vijaysales.com/media/catalog/product/g/l/gl-x257amc3_.jpg,4,29.21,Large Appliances,Side By Side,630,3,"GL-X257AMC3, Matte Black"
2026-02-03,2026-02-03 12:16:03,refrigerator,235069,LG,12490,13999,Available,https://www.vijaysales.com/p/235069/lg-90-litres-1-star-single-door-direct-cool-mini-refrigerator-door-basket-chiller-tray-freezer-section-stylish-pocket-handle-anti-bacterial-gasket-gl-m131rdsb-dazzle-steel,https://vsprod.vijaysales.com/media/catalog/product/2/3/235069_1_.jpg,5,10.78,Large Appliances,Single Door,90,1,"GL-M131RDSB, Dazzle Steel"
2026-02-03,2026-02-03 12:16:03,refrigerator,238075,Samsung,36990,53990,Available,https://www.vijaysales.com/p/238075/samsung-330-litres-2-star-frost-free-inverter-refrigerator-with-convertible-5-in-1-twin-cooling-plus-wi-fi-enabled-power-cool-rt34dg5a2bs8hl-elegant-inox,https://vsprod.vijaysales.com/media/catalog/product/2/3/238075_1_.jpg,4,31.49,Large Appliances,Double Door,330,2,"RT34DG5A2BS8HL, Elegant Inox"
2026-02-03,2026-02-03 12:16:03,refrigerator,182395,LG,33990,43999,Unavailable,https://www.vijaysales.com/p/P219492/182395/lg-288-liters-2-star-convertible-double-door-refrigerator-with-smart-inverter-compressor-multi-air-flow-shiny-steel-finish-gl-s322spzy,https://vsprod.vijaysales.com/media/catalog/product/1/8/182395_3_.jpg,4,22.75,Large Appliances,Double Door,288,2,Shiny Steel Finish
2026-02-03,2026-02-03 12:16:03,refrigerator,243583,LG,49990,68999,Available,https://www.vijaysales.com/p/243583/lg-340-litres-3-star-double-door-frost-free-bottom-freezer-refrigerator-door-cooling-plus-wi-fi-convertible-lg-thinq-bottle-rack-multi-air-flow-gl-b382ebmx-black-mirror,https://vsprod.vijaysales.com/media/catalog/product/5/2/5236.jpg,4,27.55,Large Appliances,Double Door,340,3,"GL-B382EBMX, Black Mirror"
2026-02-03,2026-02-03 12:16:03,refrigerator,215308,LG,74990,103999,Available,https://www.vijaysales.com/p/215308/lg-592-litres-1-star-frost-free-double-door-refrigerator-with-inverter-technology-deodorizer-grh812hlhm,https://vsprod.vijaysales.com/media/catalog/product/g/r/gr-h812hlhm_1-1_-_copy_1.jpg,5,27.89,Large Appliances,Double Door,592,1,GR-H812HLHM
2026-02-03,2026-02-03 12:16:03,refrigerator,226095,Whirlpool,25490,33700,Unavailable,https://www.vijaysales.com/p/226095/whirlpool-235-litres-2-star-frost-free-double-door-refrigerator-with-ice-twister-fast-bottle-cooling-neo-278gd-prm-crystal-black,https://vsprod.vijaysales.com/media/catalog/product/2/2/226095-image1_1.jpg,4,24.36,Large Appliances,Double Door,235,2,"NEO 278GD PRM, Crystal Black"
2026-02-03,2026-02-03 12:16:03,refrigerator,240838,Samsung,62990,94990,Available,https://www.vijaysales.com/p/240838/samsung-530-litres-1-star-bespoke-ai-double-door-frost-free-refrigerator-with-convertible-5-in-1-twin-cooling-plus-wi-fi-embedded-power-cool-power-freeze-rt56dg7a6ab1-black-matt,https://vsprod.vijaysales.com/media/catalog/product/2/4/240838.jpg,4,33.69,Large Appliances,Double Door,530,1,"RT56DG7A6AB1, Black Matt"
2026-02-03,2026-02-03 12:16:03,refrigerator,240984,IFB,23990,36500,Available,https://www.vijaysales.com/p/240984/ifb-243-litres-2-star-frost-free-double-door-inverter-refrigerator-with-surround-cooling-ice-twister-deodorizer-lock-key-toughened-glass-shelves-ifbff-2902ibs-brush-steel,https://vsprod.vijaysales.com/media/catalog/product/2/4/240984_1_.jpg,5,34.27,Large Appliances,Double Door,243,2,"IFBFF-2902IBS, Brush Steel"
2026-02-03,2026-02-03 12:16:03,refrigerator,230868,Haier,36990,57890,Available,https://www.vijaysales.com/p/230868/haier-325-litres-2-star-bottom-mounted-frost-free-double-door-inverter-refrigerator-with-magic-cooling-14-in-1-convertible-hrb-3752bgk-p,https://vsprod.vijaysales.com/media/catalog/product/2/3/230868-image.jpg,4,36.1,Large Appliances,Double Door,325,2,HRB-3752BGK-P
2026-02-03,2026-02-03 12:16:03,refrigerator,215131,Whirlpool,15490,19300,Available,https://www.vijaysales.com/p/P214455/215131/whirlpool-192-litres-3-star-star-direct-cool-single-door-refrigerator-no-1-in-ice-making-215-icemagic-pro-prm-3s-ciz-cool-illusia-z,https://vsprod.vijaysales.com/media/catalog/product/2/1/215131-image1_1.jpg,5,19.74,Large Appliances,Single Door,192,3,"215 Icemagic Pro PRM 3S CIZ, Cool Illusia-Z"
2026-02-03,2026-02-03 12:16:03,refrigerator,242295,Haier,23990,35990,Available,https://www.vijaysales.com/p/242295/haier-240-litres-2-star-double-door-frost-free-refrigerator-5-in-1-convertible-separate-fruit-box-turbo-icing-toughened-glass-shelves-anti-bacterial-gasket-hrf-2902ibbs-p-brushline-silver,https://vsprod.vijaysales.com/media/catalog/product/2/4/242295_1_.jpg,4,33.34,Large Appliances,Double Door,240,2,"HRF-2902IBBS-P, Brushline Silver"
2026-02-03,2026-02-03 12:16:03,refrigerator,235115,Godrej,11990,14490,Available,https://www.vijaysales.com/p/235115/godrej-97-litres-1-star-direct-cool-single-door-refrigerator-with-jumbo-vegetable-tray-separate-quick-ice-making-space-rd-champ-114a-wpf-st-gr,https://vsprod.vijaysales.com/media/catalog/product/2/2/2235115_1_.jpg,5,17.25,Large Appliances,Single Door,97,1,"RD Champ 114A WPF ST GR, Steel Grey"
2026-02-03,2026-02-03 12:16:03,refrigerator,222378,LG,98990,147199,Available,https://www.vijaysales.com/p/P222377/222378/lg-650-litres-side-by-side-door-convertible-refrigerator-with-door-cooling-hygiene-fresh-in-glass-finish-gl-b257dlw3-linen-white,https://vsprod.vijaysales.com/media/catalog/product/g/l/gl-b257dlw3_1.jpg,4,32.75,Large Appliances,Side By Side,650,1,"GL-B257DLW3, Linen White"
2026-02-03,2026-02-03 12:16:03,refrigerator,244760,Samsung,26990,36990,Available,https://www.vijaysales.com/p/244760/samsung-236-litres-frost-free-double-door-inverter-refrigerator-with-base-stand-drawer-all-around-cooling-easy-slide-shelf-movable-ice-maker-door-alarm-rt28c31429r-paradise-bloom-purple,https://vsprod.vijaysales.com/media/catalog/product/2/4/244760_1_.jpg,4,27.03,Large Appliances,Double Door,236,2,"RT28C31429R, Paradise Bloom Purple"
2026-02-03,2026-02-03 12:16:03,refrigerator,231936,Samsung,46990,69990,Available,https://www.vijaysales.com/p/231936/samsung-419-litres-frost-free-bespoke-ai-double-door-refrigerator-with-convertible-5-in-1-wi-fi-embedded-rt45dg6a2bslhl-real-stainless,https://vsprod.vijaysales.com/media/catalog/product/2/3/231936-image_7.jpg,4,32.86,Large Appliances,Double Door,419,2,"RT45DG6A2BSLHL, Real Stainless"
2026-02-03,2026-02-03 12:16:03,refrigerator,227320,Bosch,39990,60590,Available,https://www.vijaysales.com/p/227320/bosch-368-litres-frost-free-double-door-refrigerator-with-freezer-at-top-ctc39s02ni-shiney-silver,https://vsprod.vijaysales.com/media/catalog/product/2/2/227320-image.jpg,4,34.0,Large Appliances,Double Door,368,3,"CTC39S02NI, Shiney Silver"
2026-02-03,2026-02-03 12:16:03,refrigerator,242296,Haier,25490,35990,Available,https://www.vijaysales.com/p/242296/haier-268-litres-2-star-double-door-frost-free-refrigerator-turbo-icing-stabilizer-free-operation-toughened-glass-shelves-led-light-hrf-3182iens-p-nickel-steel,https://vsprod.vijaysales.com/media/catalog/product/2/4/242296_1_.jpeg,5,29.17,Large Appliances,Double Door,268,2,"HRF-3182IENS-P, Nickel Steel"
2026-02-03,2026-02-03 12:16:03,refrigerator,214086,Samsung,86990,140000,Available,https://www.vijaysales.com/p/P218271/214086/samsung-653-litres-3-star-frost-free-side-by-side-refrigerator-with-twin-cooling-plus-digital-inverter-compressor-rs76cg8113b1-hl-black-doi,https://vsprod.vijaysales.com/media/catalog/product/2/1/214086.jpg,5,37.86,Large Appliances,Side By Side,653,3,"RS76CG8113B1/HL, Black DOI"
2026-02-03,2026-02-03 12:16:03,refrigerator,243941,IFB,16490,21600,Available,https://www.vijaysales.com/p/243941/ifb-187-l-5-star-single-door-direct-cool-refrigerator-with-anti-bacterial-gasket-converti-cool-copper-boost-xl-bottle-bin-ifbdc-2135ibs-brush-grey,https://vsprod.vijaysales.com/media/catalog/product/2/4/243941_2_.jpg,4,23.66,Large Appliances,Single Door,187,5,"IFBDC-2135IBS, Brush Grey"
2026-02-03,2026-02-03 12:16:03,refrigerator,214546,Samsung,26990,35990,Available,https://www.vijaysales.com/p/214546/samsung-2-star-236-litres-frost-free-convertible-double-door-refrigerator-with-smart-connect-inverter-elegant-inox-rt28c3732s8-hl,https://vsprod.vijaysales.com/media/catalog/product/r/t/rt28c3732s8_1_.jpg,5,25.01,Large Appliances,Double Door,236,2,"Elegant Inox, RT28C3732S8/HL"
2026-02-03,2026-02-03 12:16:03,refrigerator,218087,LG,64990,86299,Available,https://www.vijaysales.com/p/P218086/218087/lg-506-litres-1-star-frost-free-double-door-refrigerator-with-door-alarm-convertible-inverter-linear-compressor-gn-h702hlhm,https://vsprod.vijaysales.com/media/catalog/product/g/n/gn-h702hlhm_1-1__29_may_2025_.jpg,4,24.69,Large Appliances,Double Door,506,1,"GN-H702HLHM, Platinum Silver"
2026-02-03,2026-02-03 12:16:03,refrigerator,222547,Whirlpool,33590,53650,Unavailable,https://www.vijaysales.com/p/P222547/222547/whrilpool-327-litres-2-star-frost-free-double-door-inverter-refrigerator-with-10-in-1-convertible-modes-intellifresh-pro-illusia-steel,https://vsprod.vijaysales.com/media/catalog/product/2/2/222547-image1_1.jpg,5,37.39,Large Appliances,Double Door,327,2,"Intellifresh Pro, Illusia Steel"
2026-02-03,2026-02-03 12:16:03,refrigerator,228748,LG,46990,60999,Available,https://www.vijaysales.com/p/228748/lg-446-litres-1-star-double-door-frost-free-refrigerator-with-door-cooling-convertible-smart-diagnosis-toughened-glass-shelf-gl-t502cpzr,https://vsprod.vijaysales.com/media/catalog/product/2/2/228748.jpg,4,22.97,Large Appliances,Double Door,446,1,GL-T502CPZR
2026-02-03,2026-02-03 12:16:03,refrigerator,218735,Whirlpool,21990,30450,Unavailable,https://www.vijaysales.com/p/218735/whirlpool-274-litres-3-star-direct-cool-single-door-refrigerator-with-auto-defrost-305-icemagic-pro-plus-prm-3s-asz-alpha-steel-z,https://vsprod.vijaysales.com/media/catalog/product/2/1/218735-image1_1.jpg,5,27.78,Large Appliances,Single Door,274,3,"305 Icemagic Pro Plus PRM 3S ASZ, Alpha Steel-Z"
2026-02-03,2026-02-03 12:16:03,refrigerator,225536,Godrej,14390,19800,Available,https://www.vijaysales.com/p/P225536/225536/godrej-184-litres-2-star-direct-cool-refrigerator-with-turbo-cooling-technology-large-freezer-rd-emarvel-207b-tdf-fs-st-fossil-steel,https://vsprod.vijaysales.com/media/catalog/product/2/2/225536-image1_1.jpg,5,27.32,Large Appliances,Single Door,184,2,"RD Edge Marvel 207B TDF FS ST, Fossil Steel"
2026-02-03,2026-02-03 12:16:03,refrigerator,185825,Samsung,82990,108990,Available,https://www.vijaysales.com/p/185825/samsung-580-ltrs-side-by-side-french-door-inverter-refrigerator-rf57a5032b1-black,https://vsprod.vijaysales.com/media/catalog/product/1/8/185825-image1_4.jpg,5,23.86,Large Appliances,Side By Side,580,2,"RF57A5032B1, Black"
2026-02-03,2026-02-03 12:16:03,refrigerator,238105,Haier,95990,152490,Available,https://www.vijaysales.com/p/238105/haier-520-litres-3-star-4-door-side-by-side-refrigerator-with-wi-fi-convertible-magic-zone-colorful-digital-display-sunlit-interior-ipx5-waterproof-hrb-600mgu1-mirror-glass,https://vsprod.vijaysales.com/media/catalog/product/2/3/238105_1_.jpg,5,37.05,Large Appliances,Side By Side,520,3,"HRB-600MGU1, Mirror Glass"
2026-02-03,2026-02-03 12:16:03,refrigerator,240007,Samsung,58990,82999,Available,https://www.vijaysales.com/p/240007/samsung-467-litres-2-star-bespoke-ai-double-door-frost-free-refrigerator-with-convertible-5-in-1-twin-cooling-plus-wi-fi-enabled-power-cool-power-freeze-rt80f51c2b-black-glass,https://vsprod.vijaysales.com/media/catalog/product/2/4/240007_1_.jpg,4,28.93,Large Appliances,Double Door,467,2,"RT80F51C2B, Black Glass"
2026-02-03,2026-02-03 12:16:03,refrigerator,170404,LG,26490,35999,Available,https://www.vijaysales.com/p/P219492/170404/lg-260-ltrs-2-star-frost-free-double-door-inverter-refrigerator-gls292rpzy-shiny-steel,https://vsprod.vijaysales.com/media/catalog/product/1/7/170404-image1_4.jpg,4,26.41,Large Appliances,Double Door,240,2,"GL-S292RPZY, Shiny Steel"
2026-02-03,2026-02-03 12:16:03,refrigerator,218163,Whirlpool,26990,40950,Available,https://www.vijaysales.com/p/218163/whirlpool-intellifresh-259-litres-2-star-frost-free-double-door-inverter-refrigerator-if-inv-elt-305gd-cm-2s-tl-crystal-mirror,https://vsprod.vijaysales.com/media/catalog/product/2/1/218163-image1_1.jpg,5,34.09,Large Appliances,Double Door,259,2,2 Star
2026-02-03,2026-02-03 12:16:03,refrigerator,121756,Whirlpool,32490,45100,Unavailable,https://www.vijaysales.com/p/P121745/121756/whirlpool-330-ltrs-frost-free-triple-door-inverter-refrigerator-fp343dprotroyas-alpha-steel,https://vsprod.vijaysales.com/media/catalog/product/1/2/121756-pdp-1.jpg,5,27.96,Large Appliances,Triple Door,300,2,"FP 343 D PROT ROY AS, Alpha Steel"
2026-02-03,2026-02-03 12:16:03,refrigerator,228809,LG,22990,29299,Unavailable,https://www.vijaysales.com/p/228809/lg-224-litres-5-star-single-door-direct-cool-refrigerator-base-stand-drawer-toughened-glass-shelves-fastest-ice-making-anti-bacterial-gasket-gl-d241abmu-blue-marvel,https://vsprod.vijaysales.com/media/catalog/product/2/2/228809_1__1.jpg,5,21.53,Large Appliances,Single Door,224,5,"GL-D241ABMU, Blue Marvel"
2026-02-03,2026-02-03 12:16:03,refrigerator,222827,Whirlpool,32990,45000,Available,https://www.vijaysales.com/p/222827/samsung-308-litres-2-star-forst-free-double-door-with-inverter-compressor-ifinveltdf355as2stl-alpha-steel,https://vsprod.vijaysales.com/media/catalog/product/2/2/222827-image1_1.jpg,4,26.69,Large Appliances,Double Door,308,2,"IFINVELTDF355AS2STL, Alpha Steel"
2026-02-03,2026-02-03 12:16:03,refrigerator,244763,Samsung,16990,21999,Unavailable,https://www.vijaysales.com/p/244763/samsung-183-litres-5-star-single-door-direct-cool-refrigerator-toughened-glass-premium-veg-box-base-stand-drawer-clear-view-lamp-stabilizer-free-operation-rr20f2825br-burgundy-red,https://vsprod.vijaysales.com/media/catalog/product/2/4/244763_1_.jpg,4,22.77,Large Appliances,Single Door,183,5,"RR20F2825BR, Burgundy Red"
2026-02-03,2026-02-03 12:16:03,refrigerator,221428,Bosch,79990,108090,Available,https://www.vijaysales.com/p/P190437/221428/bosch-6-series-508-litres-2-star-frost-free-double-door-bottom-mount-refrigerator-with-vario-inverter-compressor-kgn56lb42i-black,https://vsprod.vijaysales.com/media/catalog/product/2/2/221428-image1_2.jpg,4,26.0,Large Appliances,Double Door,508,2,Black
2026-02-03,2026-02-03 12:16:03,refrigerator,224415,IFB,16990,24500,Available,https://www.vijaysales.com/p/224415/ifb-206-litres-4-star-direct-cool-single-door-refrigerator-with-converti-cool-technology-advanced-inverter-compressor-ifbdc-2324iks-black-steel,https://vsprod.vijaysales.com/media/catalog/product/2/2/224415-image.jpg,4,30.65,Large Appliances,Single Door,206,4,"IFBDC-2324IKS, Black Steel"
2026-02-03,2026-02-03 12:16:03,refrigerator,230718,Liebherr,19990,21290,Available,https://www.vijaysales.com/p/230718/liebherr-191-litres-5-star-direct-cool-single-door-refrigerator-with-adjustable-shelves-handsfree-opening-dfptse1931-teal-strings,https://vsprod.vijaysales.com/media/catalog/product/2/3/230718_1_.jpg,4,6.11,Large Appliances,Single Door,191,5,"DFPTSE1931, Teal Strings"
2026-02-03,2026-02-03 12:16:03,refrigerator,230573,Godrej,34990,53490,Available,https://www.vijaysales.com/p/230573/godrej-330-lites-2-star-frost-free-inverter-refrigerator-with-convertible-4-in-1-modes-360-degree-cooling-2-25l-door-storage-eon-vibe-matt-black,https://vsprod.vijaysales.com/media/catalog/product/2/3/230573_1__1.jpg,5,34.59,Large Appliances,Double Door,330,2,"Eon Vibe, Matt Black"
2026-02-03,2026-02-03 12:16:03,refrigerator,227319,Bosch,36990,58990,Available,https://www.vijaysales.com/p/227319/bosch-334-litres-2-star-frost-free-double-door-refrigerator-with-vitafresh-system-multi-airflow-ice-box-ctc35s02ni-shiney-silver,https://vsprod.vijaysales.com/media/catalog/product/2/2/227319-image.jpg,5,37.29,Large Appliances,Double Door,334,2,"CTC35S02NI, Shiney Silver"
2026-02-03,2026-02-03 12:16:03,refrigerator,214877,Haier,55450,80490,Available,https://www.vijaysales.com/p/P222638/214877/haier-445-litres-2-star-double-door-frost-free-inverter-refrigerator-bottom-mounted-14-in-1-convertible-triple-inverter-dual-fan-tech-hrb-4952ckg-p-black-glass,https://vsprod.vijaysales.com/media/catalog/product/h/r/hrb4952ckgp_1_.jpg,4,31.11,Large Appliances,Double Door,445,2,"HRB-4952CKG-P, Black Glass"
2026-02-03,2026-02-03 12:16:03,refrigerator,242298,Haier,69990,126490,Available,https://www.vijaysales.com/p/242298/haier-602-litres-2-star-double-door-side-by-side-refrigerator-convertible-5-in-1-smart-sense-ai-smart-connectivity-digital-control-panel-jumbo-ice-maker-hrs-682pmgu1-mirror-glass,https://vsprod.vijaysales.com/media/catalog/product/2/4/242298_1_.jpg,4,44.67,Large Appliances,Side By Side,602,2,"HRS-682PMGU1, Mirror Glass"
2026-02-03,2026-02-03 12:16:03,refrigerator,225701,Liebherr,17640,21290,Available,https://www.vijaysales.com/p/225701/liebherr-191-litres-3-star-direct-cool-single-door-refrigerator-with-hands-free-opening-drystorage-vegetable-freshbox-dfpsic-1921-silver,https://vsprod.vijaysales.com/media/catalog/product/2/2/225701_1_.jpg,4,17.14,Large Appliances,Single Door,191,3,"DFPsiC 1921, Silver"
2026-02-03,2026-02-03 12:16:03,refrigerator,203542,LG,32490,46499,Unavailable,https://www.vijaysales.com/p/P154816/203542/lg-340-litres-2-star-frost-free-double-door-refrigerator-gln342sdsy-dazzle-steel,https://vsprod.vijaysales.com/media/catalog/product/2/0/203542-image1_2.jpg,4,30.13,Large Appliances,Double Door,322,2,"GL-N342SDSY, Dazzle Steel"
2026-02-03,2026-02-03 12:16:03,refrigerator,217434,Godrej,27490,39500,Available,https://www.vijaysales.com/p/P217434/217434/godrej-244-litres-2-star-frost-free-refrigerator-with-inverter-compressor-rt-eoncrystal-280b-ri-onyx-black,https://vsprod.vijaysales.com/media/catalog/product/2/1/217434_1_.jpg,4,30.41,Large Appliances,Double Door,244,2,"RT Eon Crystal 280B RI OB, Onyx Black"
2026-02-03,2026-02-03 12:16:03,refrigerator,231934,Samsung,44490,65990,Available,https://www.vijaysales.com/p/231934/samsung-396-litres-2-star-frost-free-double-door-refrigerator-with-twin-cooling-plus-convertible-5-in-1-rt41dg6a2bb1hl-black-matt,https://vsprod.vijaysales.com/media/catalog/product/2/3/231934-image.jpg,5,32.58,Large Appliances,Double Door,396,2,"RT41DG6A2BB1HL, Black Matt"
2026-02-03,2026-02-03 12:16:03,refrigerator,246522,LG,122990,149999,Available,https://www.vijaysales.com/p/246522/lg-610-litres-3-star-french-door-refrigerator-with-fresh-converter-convertilble-wi-fi-convertible-hygiene-fresh-smart-learner-gv-b25ffgmb-black-glass-finish,https://vsprod.vijaysales.com/media/catalog/product/2/4/246522_2__1.jpg,4,18.01,Large Appliances,Side By Side,610,3,"GV-B25FFGMB, Black Glass Finish"
2026-02-03,2026-02-03 12:16:03,refrigerator,215015,Samsung,28990,41990,Unavailable,https://www.vijaysales.com/p/215015/samsung-256-litres-2-star-frost-free-convertible-3-in-1-double-door-refrigerator-with-inverter-deodorizer-rt30c3732s8-nl,https://vsprod.vijaysales.com/media/catalog/product/2/1/215015-image1_1.jpg,4,30.96,Large Appliances,Double Door,256,2,RT30C3732S8/NL
2026-02-03,2026-02-03 12:16:03,refrigerator,240837,Samsung,62990,94990,Available,https://www.vijaysales.com/p/240837/samsung-530-litres-bespoke-ai-frost-free-double-door-inverter-refrigerator-convertible-5-in-1-twin-cooling-plus-wi-fi-embedded-twist-ice-maker-active-fresh-filter-rt56dg7a6asl-real-stainless,https://vsprod.vijaysales.com/media/catalog/product/2/4/240837_1_.jpg,4,33.69,Large Appliances,Double Door,530,1,"RT56DG7A6ASL, Real Stainless"
2026-02-03,2026-02-03 12:16:03,refrigerator,224671,Haier,48990,75890,Unavailable,https://www.vijaysales.com/p/224671/haier-355-litres-3-star-double-door-frost-free-refrigerator-magic-cooling-14-in-1-convertible-triple-inverter-dual-fan-tech-2x-big-box-1-hour-icing-technology-hrb-4053pmg-p-mirror-glass,https://vsprod.vijaysales.com/media/catalog/product/2/2/224671_1__1.jpg,5,35.45,Large Appliances,Double Door,355,3,"HRB-4053PMG-P, Mirror Glass"
2026-02-03,2026-02-03 12:16:03,refrigerator,235900,IFB,14990,22000,Unavailable,https://www.vijaysales.com/p/235900/ifb-187-litres-2-star-direct-cool-refrigerator-with-converti-cool-technology-fast-ice-big-crisper-xl-bottle-bin-humidity-control-ifbdc-2132fkg-carbon-sparkle-glass,https://vsprod.vijaysales.com/media/catalog/product/2/3/235900_1_.jpg,4,31.86,Large Appliances,Single Door,187,2,"IFBDC-2132FKG, Carbon Sparkle Glass"
2026-02-03,2026-02-03 12:16:03,refrigerator,218133,Godrej,25990,37990,Available,https://www.vijaysales.com/p/P217435/218133/godrej-272-litres-2-star-frost-free-double-door-refrigerator-with-cool-balance-technology-rteonvalor310brifsst-fossil-steel,https://vsprod.vijaysales.com/media/catalog/product/r/t/rt_eonvalor_310b_ri_fs_st_1_.jpg,4,31.59,Large Appliances,Double Door,272,2,"RT Eon Valor 310B RI FS ST, Fossil Steel"
2026-02-03,2026-02-03 12:16:03,refrigerator,240008,Samsung,51790,74990,Available,https://www.vijaysales.com/p/240008/samsung-467-litres-2-star-bespoke-ai-double-door-frost-free-refrigerator-with-convertible-5-in-1-twin-cooling-plus-wi-fi-enabled-power-cool-power-freeze-rt80f51c2f-black-doi,https://vsprod.vijaysales.com/media/catalog/product/2/4/240008_1_.jpg,4,30.94,Large Appliances,Double Door,467,2,"RT80F51C2F, Black Doi"
2026-02-03,2026-02-03 12:16:03,refrigerator,251734,Godrej,28490,43090,Available,https://www.vijaysales.com/p/251734/godrej-eon-crystal-272-l-2-star-frost-free-double-door-refrigerator-advanced-inverter-technology-nano-shield-cool-balance-rteoncrystal310bnriob-onyx-black,https://vsprod.vijaysales.com/media/catalog/product/2/5/251734_1_.jpg,5,33.88,Large Appliances,Double Door,272,2,"RTEONCRYSTAL310BNRIOB, Onyx Black"
2026-02-03,2026-02-03 12:16:03,refrigerator,251732,Godrej,39490,39490,Available,https://www.vijaysales.com/p/251732/godrej-272-l-2-star-frost-free-double-door-refrigerator-nano-shield-technology-cool-balance-farm-freshness-up-to-30-days-rteonvalor310bnrifsst-fossil-steel,https://vsprod.vijaysales.com/media/catalog/product/2/5/251732_5_.jpg,5,0.0,Large Appliances,Double Door,272,2,"RTEONVALOR310BNRIFSST, Fossil Steel"
2026-02-03,2026-02-03 12:16:03,refrigerator,251690,Electrolux,70990,106990,Available,https://www.vijaysales.com/p/251690/electrolux-600-series-565-l-4-star-frost-free-french-door-refrigerator-inverter-compressor-touch-control-quickfreeze-xl-door-bins-ehe5600d-sdin,https://vsprod.vijaysales.com/media/catalog/product/2/5/251690_1_.jpg,4,33.65,Large Appliances,Side By Side,565,4,EHE5600D-SDIN
2026-02-03,2026-02-03 12:16:03,refrigerator,249513,Godrej,18990,29990,Unavailable,https://www.vijaysales.com/p/249513/godrej-194-l-5-star-direct-cool-single-door-refrigerator-inverter-compressor-turbo-cooling-anti-bacterial-gasket-rde-impress215etdiemdbm-midnight-bloom,https://vsprod.vijaysales.com/media/catalog/product/2/4/249513_7_.jpg,5,36.68,Large Appliances,Single Door,194,5,"RDE-IMPRESS215ETDIEMDBM, Midnight Bloom"
2026-02-03,2026-02-03 12:16:03,refrigerator,249460,Electrolux,94990,142990,Available,https://www.vijaysales.com/p/249460/electrolux-600-series-4-star-frost-free-french-door-refrigerator-547-l-inverter-compressor-frost-free-touch-control-greenzone-crisper-eqe5400dbnin-charcoal-black,https://vsprod.vijaysales.com/media/catalog/product/2/4/249460_1_.jpg,4,33.57,Large Appliances,Side By Side,547,4,"EQE5400DBNIN, Charcoal Black"
2026-02-03,2026-02-03 12:16:03,refrigerator,245446,LG,54990,72999,Unavailable,https://www.vijaysales.com/p/245446/lg-398-litres-3-star-double-door-refrigerator-with-smart-inverter-compressor-convertilble-door-cooling-glt422vesx-ebony-sheen-finish,https://vsprod.vijaysales.com/media/catalog/product/2/4/245446_1_2.jpg,4,24.67,Large Appliances,Double Door,398,3,"GLT422VESX, Ebony Sheen Finish"
2026-02-03,2026-02-03 12:16:03,refrigerator,244761,Samsung,27490,35990,Available,https://www.vijaysales.com/p/244761/samsung-236-litres-frost-free-double-door-inverter-refrigerator-with-base-stand-drawer-all-around-cooling-easy-slide-shelf-movable-ice-maker-moistfresh-zone-rt28c3122cr-camellia-purple,https://vsprod.vijaysales.com/media/catalog/product/2/4/244761_1_.jpg,5,23.62,Large Appliances,Double Door,236,2,"RT28C3122CR, Camellia Purple"
2026-02-03,2026-02-03 12:16:03,refrigerator,243584,Godrej,125990,125990,Unavailable,https://www.vijaysales.com/p/243584/godrej-eon-velvet-646c-rit-600-litres-3-star-side-by-side-refrigerator-inverter-compressor-frost-free-digital-display-rseonvelvet646critoprs-opera-rose,https://vsprod.vijaysales.com/media/catalog/product/2/4/243584.jpg,4,0.0,Large Appliances,Side By Side,600,3,"RSEONVELVET646CRITOPRS, Opera Rose"
2026-02-03,2026-02-03 12:16:03,refrigerator,243394,Electrolux,57990,89990,Available,https://www.vijaysales.com/p/243394/electrolux-503-litres-1-star-frost-free-double-door-inverter-refrigerator-ai-autosense-cooling360-twist-serve-ice-maker-fresherair-filter-door-alarm-etm5002c-s-silver,https://vsprod.vijaysales.com/media/catalog/product/2/4/243394_1_.jpg,4,35.56,Large Appliances,Double Door,503,1,"ETM5002C-S, Silver"
2026-02-03,2026-02-03 12:16:03,refrigerator,243393,Electrolux,50490,78990,Available,https://www.vijaysales.com/p/243393/electrolux-431-litres-1-star-frost-free-double-door-inverter-refrigerator-ai-autosense-cooling360-twist-serve-ice-maker-fresherair-filter-door-alarm-etm4302c-b-matte-black,https://vsprod.vijaysales.com/media/catalog/product/2/4/243393_1__1.jpg,4,36.08,Large Appliances,Double Door,431,1,"ETM4302C-B, Matte Black"
2026-02-03,2026-02-03 12:16:03,refrigerator,243391,Electrolux,45990,64490,Available,https://www.vijaysales.com/p/243391/electrolux-341-litres-1-star-frost-free-double-door-inverter-refrigerator-ai-autosense-sphere-ice-tray-extrachill-compartment-fresherair-filter-door-alarm-etm3400l-s-matte-black,https://vsprod.vijaysales.com/media/catalog/product/2/4/243391_1_.jpg,4,28.69,Large Appliances,Double Door,341,1,"ETM3400L-S, Matte Black"
2026-02-03,2026-02-03 12:16:03,refrigerator,243390,Electrolux,43990,61990,Available,https://www.vijaysales.com/p/243390/electrolux-341-litres-1-star-frost-free-double-door-inverter-refrigerator-ai-autosense-sphere-ice-tray-extrachill-compartment-fresherair-filter-door-alarm-etm3400l-s-silver,https://vsprod.vijaysales.com/media/catalog/product/2/4/243390_1_.jpg,4,29.04,Large Appliances,Double Door,341,1,"ETM3400L-S, Silver"
2026-02-03,2026-02-03 12:16:03,refrigerator,242383,Toshiba,69990,104990,Available,https://www.vijaysales.com/p/242383/toshiba-608-litres-1-star-double-door-frost-free-origin-inverter-refrigerator-automatic-ice-maker-ultrafresh-zone-pure-bio-deodorizer-touch-control-panel-gr-rt835we-pgi-22-black-glass,https://vsprod.vijaysales.com/media/catalog/product/2/4/242383_1__1.jpg,5,33.34,Large Appliances,Double Door,608,1,GR-RT835WE-PGI(22
2026-02-03,2026-02-03 12:16:03,refrigerator,242358,Liebherr,25690,40990,Available,https://www.vijaysales.com/p/242358/liebherr-245-litres-2-star-double-door-frost-free-inverter-refrigerator-bigger-vegetable-basket-central-power-cooling-heat-sensor-tchgsb-2411-grey-steel,https://vsprod.vijaysales.com/media/catalog/product/2/4/242358_1_.png,4,37.33,Large Appliances,Double Door,245,2,"TCHgsB 2411, Grey Steel"
2026-02-03,2026-02-03 12:16:03,refrigerator,240704,Electrolux,97990,135990,Available,https://www.vijaysales.com/p/240704/electrolux-564-litres-quad-door-frost-free-inverter-refrigerator-with-electronic-touch-controls-eventemp-function-bright-led-slow-melting-spherical-ice-eqe5600b-s-silver,https://vsprod.vijaysales.com/media/catalog/product/2/4/240704_1_.jpg,5,27.94,Large Appliances,Side By Side,564,5,"EQE5600B-S, Silver"
2026-02-03,2026-02-03 12:16:03,refrigerator,240703,Electrolux,99990,152990,Available,https://www.vijaysales.com/p/240703/electrolux-564-litres-quad-door-frost-free-inverter-refrigerator-with-electronic-touch-controls-eventemp-function-bright-led-slow-melting-spherical-ice-eqe5600b-b-matte-black,https://vsprod.vijaysales.com/media/catalog/product/2/4/240703_1_.jpg,5,34.64,Large Appliances,Side By Side,564,2,"EQE5600B-B, Matte Black"
2026-02-03,2026-02-03 12:16:03,refrigerator,240118,Haier,146990,225000,Available,https://www.vijaysales.com/p/240118/haier-630-litres-convertible-4-door-side-by-side-wi-fi-refrigerator-colorful-digital-display-with-motion-sensor-magic-cooling-toughened-glass-black-glass,https://vsprod.vijaysales.com/media/catalog/product/2/4/240118_3__1.jpg,5,34.67,Large Appliances,Side By Side,630,2,Black Glass
2026-02-03,2026-02-03 12:16:03,refrigerator,238735,Haier,84990,137990,Available,https://www.vijaysales.com/p/238735/haier-520-litres-3-star-convertible-4-door-side-by-side-wi-fi-refrigerator-deo-fresh-technology-toughened-glass-shelves-smart-sense-ai-hrb-600kgu1-black-glass,https://vsprod.vijaysales.com/media/catalog/product/h/r/hrb-600kgu1-01.jpg,4,38.41,Large Appliances,Side By Side,520,3,"HRB-600KGU1, Black Glass"
2026-02-03,2026-02-03 12:16:03,refrigerator,237492,Haier,84990,141990,Available,https://www.vijaysales.com/p/237492/haier-598-litres-3-star-convertible-side-by-side-refrigerator-with-wi-fi-digital-control-panel-jumbo-ice-maker-deo-fresh-technology-inverter-technology-hrt-683gku1-graphite-black,https://vsprod.vijaysales.com/media/catalog/product/2/3/237492_1_.jpeg,5,40.14,Large Appliances,Side By Side,598,3,"HRT-683GKU1, Graphite Black"
2026-02-03,2026-02-03 12:16:03,refrigerator,236075,Godrej,49990,74990,Available,https://www.vijaysales.com/p/236075/godrej-eon-regalis-472-litres-2-star-double-door-frost-free-inverter-refrigerator-powered-by-ai-tech-advanced-control-panel-easy-slide-shelf-separate-fruit-crisper-champagne-gold,https://vsprod.vijaysales.com/media/catalog/product/2/3/236075_1_.jpg,5,33.34,Large Appliances,Double Door,472,2,Champagne Gold
2026-02-03,2026-02-03 12:16:03,refrigerator,235925,Liebherr,29790,43880,Available,https://www.vijaysales.com/p/235925/liebherr-269-litres-2-star-double-door-frost-free-inverter-refrigerator-central-power-cooling-adjustable-shelves-spice-boxes-pocket-handle-tcpbsb-2721-black-steel,https://vsprod.vijaysales.com/media/catalog/product/2/3/235925_1_.jpg,4,32.11,Large Appliances,Double Door,269,2,"TCPbsB 2721, Black Steel"
2026-02-03,2026-02-03 12:16:03,refrigerator,235916,IFB,26690,40750,Available,https://www.vijaysales.com/p/235916/ifb-265-litres-2-star-frost-free-double-door-tru-convertible-refrigerator-with-surround-cooling-ice-twister-deodorizer-lock-key-toughened-glass-shelves-ifbff-3152fbst-brush-steel,https://vsprod.vijaysales.com/media/catalog/product/2/3/235916_1_.jpg,4,34.5,Large Appliances,Double Door,265,2,"IFBFF-3152FBST, Brush Steel"
2026-02-03,2026-02-03 12:16:03,refrigerator,235770,Haier,89990,151990,Available,https://www.vijaysales.com/p/235770/haier-598-litres-3-star-triple-door-convertible-side-by-side-refrigerator-with-digital-control-panel-wifi-enabled-hrt-683kgu1-black-glass,https://vsprod.vijaysales.com/media/catalog/product/2/3/235770_1_.jpg,5,40.79,Large Appliances,Side By Side,598,3,"HRT-683KGU1, Black Glass"
2026-02-03,2026-02-03 12:16:03,refrigerator,235769,LG,9900,11999,Unavailable,https://www.vijaysales.com/p/235769/lg-43-litres-1-star-single-door-mini-refrigerator-with-anti-bacterial-gasket-door-basket-polypropylene-shelf-pocket-handle-super-white,https://vsprod.vijaysales.com/media/catalog/product/2/3/235769_1_.jpg,4,17.49,Large Appliances,Single Door,43,1,Super White
2026-02-03,2026-02-03 12:16:03,refrigerator,235116,Godrej,40490,68490,Available,https://www.vijaysales.com/p/235116/godrej-436-litres-2-star-double-door-inverter-frost-free-refrigerator-with-advanced-control-panel-led-rt-eonregalis-477b-rci-mt-bk-matte-black,https://vsprod.vijaysales.com/media/catalog/product/2/3/235116_1_.jpg,5,40.88,Large Appliances,Double Door,436,2,"RT Eon Regalis 477B RCI MT BK, Matte Black"
2026-02-03,2026-02-03 12:16:03,refrigerator,235068,LG,102990,129899,Available,https://www.vijaysales.com/p/235068/lg-650-litres-3-star-side-by-side-inverter-refrigerator-wi-fi-convertible-doorcooling-multi-air-flow-hygiene-fresh-full-wine-rack-easy-ice-maker-gl-b257eus3-urban-steel,https://vsprod.vijaysales.com/media/catalog/product/2/3/235068_1__1.jpg,4,20.72,Large Appliances,Side By Side,650,3,"GL-B257EUS3, Urban Steel"
2026-02-03,2026-02-03 12:16:03,refrigerator,234330,Electrolux,179990,316990,Available,https://www.vijaysales.com/p/234330/electrolux-680-litres-frost-free-inverter-french-door-refrigerator-with-twintech-cooling-system-door-alarm-eqe6879a-b-glossy-dark-grey,https://vsprod.vijaysales.com/media/catalog/product/2/3/234330_1_.jpg,4,43.22,Large Appliances,Side By Side,609,2,"EQE6879A-B, Glossy Dark Grey"
2026-02-03,2026-02-03 12:16:03,refrigerator,234329,Electrolux,102990,181990,Unavailable,https://www.vijaysales.com/p/234329/electrolux-600-litres-frost-free-inverter-french-door-refrigerator-with-tastelockplus-technology-360-cooling-system-eqe6000a-b-matte-dark-grey,https://vsprod.vijaysales.com/media/catalog/product/2/3/234329_1__1_.jpg,5,43.41,Large Appliances,Side By Side,541,3,"EQE6000A-BNIN, Matte Dark Grey"
2026-02-03,2026-02-03 12:16:03,refrigerator,234327,Electrolux,71990,114990,Unavailable,https://www.vijaysales.com/p/234327/electrolux-529-litres-1-star-frost-free-double-door-inverter-refrigerator-with-door-alarm-eventemp-cooling-system-ebe5302c-s-stainless-steel,https://vsprod.vijaysales.com/media/catalog/product/2/3/234327_1_.jpg,4,37.39,Large Appliances,Double Door,496,1,"EBE5302C-S, Stainless Steel"
2026-02-03,2026-02-03 12:16:03,refrigerator,234326,Electrolux,57990,99990,Available,https://www.vijaysales.com/p/234326/electrolux-453-litres-1-star-double-door-frost-free-inverter-refrigerator-with-bottom-freezer-tastelockauto-tasteguard-tech-ebe4502c-s-stainless-steel,https://vsprod.vijaysales.com/media/catalog/product/2/3/234326_1_.jpg,4,42.0,Large Appliances,Double Door,425,1,"EBE4502C-S, Stainless Steel"
2026-02-03,2026-02-03 12:16:03,refrigerator,234325,Electrolux,62990,106990,Available,https://www.vijaysales.com/p/234325/electrolux-573-litres-1-star-frost-free-double-door-inverter-refrigerator-with-tastelockauto-even-temp-ete5700c-a-arctic-silver-steel,https://vsprod.vijaysales.com/media/catalog/product/2/3/234325_1__1_.jpg,4,41.13,Large Appliances,Double Door,537,1,"ETE5700C-A, Arctic Silver Steel"
2026-02-03,2026-02-03 12:16:03,refrigerator,234324,Electrolux,45990,93990,Unavailable,https://www.vijaysales.com/p/234324/electrolux-461-litres-1-star-frost-free-double-door-inverter-refrigerator-with-taste-lock-auto-eventemp-function-etb4600c-a-arctic-silver,https://vsprod.vijaysales.com/media/catalog/product/2/3/234324_1__1_.jpg,5,51.07,Large Appliances,Double Door,431,1,"ETB4600C-A, Arctic Silver"
2026-02-03,2026-02-03 12:16:03,refrigerator,234323,Electrolux,42990,76990,Unavailable,https://www.vijaysales.com/p/234323/electrolux-360-litres-2-star-frost-free-double-door-inverter-refrigerator-with-tastelockauto-360-degree-cooling-etb3700k-h-glossy-black-steel,https://vsprod.vijaysales.com/media/catalog/product/2/3/234323_1__1_1.jpg,4,44.16,Large Appliances,Double Door,341,2,"ETB3700K-H, Glossy Black Steel"
2026-02-03,2026-02-03 12:16:03,refrigerator,231851,Samsung,184990,244000,Available,https://www.vijaysales.com/p/231851/samsung-650-litres-4-door-convertible-french-door-refrigerator-with-triple-cooling-precise-cooling-power-cool-power-freeze-slide-in-shelf-ai-energy-mode-rf65db90bd12-clean-white,https://vsprod.vijaysales.com/media/catalog/product/2/3/231851_1_.jpg,4,24.18,Large Appliances,Side By Side,650,2,"RF65DB90BD12, Clean White"
2026-02-03,2026-02-03 12:16:03,refrigerator,230574,Godrej,31990,48090,Available,https://www.vijaysales.com/p/230574/godrej-308-litres-2-star-double-door-inverter-frost-free-refrigerator-4-in-1-convertible-modes-ai-tech-nano-shield-technology-wide-shelves-rt-eonvibe-346b-rcit-steel-rush,https://vsprod.vijaysales.com/media/catalog/product/2/3/230574_1_.jpg,4,33.48,Large Appliances,Double Door,308,2,"RT EONVIBE 346B RCIT, Steel Rush"
2026-02-03,2026-02-03 12:16:03,refrigerator,230436,Panasonic,49990,97690,Unavailable,https://www.vijaysales.com/p/230436/panasonic-prime-convertible-bottom-mount-450-l-frost-free-double-door-refrigerator-with-6-stage-smart-inverter-nrbk468bgmn-mirror-glass,https://vsprod.vijaysales.com/media/catalog/product/2/3/230436-image.jpg,5,48.83,Large Appliances,Double Door,450,2,"NRBK468BGMN, Mirror Glass"
2026-02-03,2026-02-03 12:16:03,refrigerator,229927,Samsung,102990,160000,Available,https://www.vijaysales.com/p/229927/samsung-653-l-convertible-5-in-1-side-by-side-refrigerator-with-3-star-auto-open-door-rs76cb81a333-glam-deep-charcoal,https://vsprod.vijaysales.com/media/catalog/product/2/2/229927-image.jpg,5,35.63,Large Appliances,Side By Side,653,3,"RS76CB81A333, Glam Deep Charcoal"
2026-02-03,2026-02-03 12:16:03,refrigerator,229926,Samsung,104490,160000,Available,https://www.vijaysales.com/p/229926/samsung-653l-bespoke-convertible-5in1-side-by-side-refrigerator-with-3-star-twin-cooling-plus-digital-inverter-compressor-rs76cb81a312-clean-white,https://vsprod.vijaysales.com/media/catalog/product/2/2/229926-image.jpg,4,34.69,Large Appliances,Side By Side,653,3,"RS76CB81A312,Clean White"
2026-02-03,2026-02-03 12:16:03,refrigerator,229925,Samsung,349990,509000,Unavailable,https://www.vijaysales.com/p/229925/samsung-809-litres-bespoke-4-door-flex-family-hub-french-door-refrigerator-with-81-3-cm-screen-ai-vision-inside-auto-open-door-dual-auto-ice-maker-rf71db9950qd-clean-charcoal-stainless-steel,https://vsprod.vijaysales.com/media/catalog/product/2/2/229925_1_.jpg,5,31.24,Large Appliances,Side By Side,809,2,"RF71DB9950QD, Clean Charcoal + Stainless Steel"
2026-02-03,2026-02-03 12:16:03,refrigerator,229924,Samsung,159990,226000,Available,https://www.vijaysales.com/p/229924/samsung-650-litres-convertible-frost-free-french-door-refrigerator-with-triple-cooling-flex-zone-power-cool-power-freeze-slide-in-shelf-ai-energy-mode-rf65dg90bdsg-black-caviar,https://vsprod.vijaysales.com/media/catalog/product/2/2/229924_1__1.jpg,5,29.21,Large Appliances,Side By Side,650,2,"RF65DG90BDSG, Black Caviar"
2026-02-03,2026-02-03 12:16:03,refrigerator,227829,LG,18990,21399,Unavailable,https://www.vijaysales.com/p/227829/lg-201-litres-3-star-single-door-direct-cool-refrigerator-with-stabilizer-free-operation-gl-b211held-emareld-lotus,https://vsprod.vijaysales.com/media/catalog/product/2/2/227829-image1.jpg,5,11.26,Large Appliances,Single Door,201,3,"GL-B211HELD, Emareld Lotus"
2026-02-03,2026-02-03 12:16:03,refrigerator,227827,LG,20990,26199,Unavailable,https://www.vijaysales.com/p/227827/lg-201-litres-5-star-direct-cool-single-door-refrigerator-with-antibacterial-gasket-scarlet-euphoria,https://vsprod.vijaysales.com/media/catalog/product/2/2/227827-image1.jpg,4,19.88,Large Appliances,Single Door,201,5,Scarlet Euphoria
2026-02-03,2026-02-03 12:16:03,refrigerator,227610,LG,399990,449999,Unavailable,https://www.vijaysales.com/p/227610/lg-617-litres-3-stat-multi-door-frost-free-refrigerator-with-instaview-thinq-wi-fi-door-alarm-smart-diagnosis-gr-a24fdmmb,https://vsprod.vijaysales.com/media/catalog/product/2/2/227610-image1.jpg,5,11.11,Large Appliances,Side By Side,617,3,GR-A24FDMMB
2026-02-03,2026-02-03 12:16:03,refrigerator,227558,Liebherr,52990,78990,Unavailable,https://www.vijaysales.com/p/227558/liebherr-428-litres-2-star-double-door-frost-free-refrigerator-with-easyfresh-technology-duocooling-spice-boxes-tebcsb-4255-cobalt-steel,https://vsprod.vijaysales.com/media/catalog/product/2/2/227558_ref_1_.jpg,5,32.92,Large Appliances,Double Door,428,2,"TEBcsB 4255, Cobalt Steel"
2026-02-03,2026-02-03 12:16:03,refrigerator,226093,Whirlpool,44800,76450,Unavailable,https://www.vijaysales.com/p/226093/whirlpool-intellifresh-467-litres-2-star-frost-free-double-door-inverter-refrigerator-with-5-in-1-convertible-modes-ifinvcnv515so2sz-steel-onyx,https://vsprod.vijaysales.com/media/catalog/product/2/2/226093-image1_1.jpg,5,41.4,Large Appliances,Double Door,467,2,"IFINVCNV515SO2SZ, Steel Onyx"
2026-02-03,2026-02-03 12:16:03,refrigerator,226090,Whirlpool,17990,22350,Unavailable,https://www.vijaysales.com/p/226090/whirlpool-vitamagic-pro-192-litres-3-star-direct-cool-single-door-inverter-refrigerator-with-auto-defrost-technology-215vmproprm3sasz-alpha-steel,https://vsprod.vijaysales.com/media/catalog/product/2/2/226090-image1.jpg,5,19.51,Large Appliances,Single Door,192,3,"215VMPROPRM3SASZ, Alpha Steel"
2026-02-03,2026-02-03 12:16:03,refrigerator,224424,Panasonic,49990,89690,Unavailable,https://www.vijaysales.com/p/224424/panasonic-401-l-double-door-bottom-mount-refrigerator-with-2-star-prime-convertible-ai-econavi-6-stage-smart-inverter-nr-bk468bqkn-diamond-black,https://vsprod.vijaysales.com/media/catalog/product/2/2/224424-image.jpg,5,44.26,Large Appliances,Double Door,401,2,"NR-BK468BQKN, Diamond Black"
2026-02-03,2026-02-03 12:16:03,refrigerator,224388,Liebherr,15990,19490,Unavailable,https://www.vijaysales.com/p/224388/liebherr-191-litres-3-star-single-door-direct-cool-refrigerator-adjustable-shelves-led-lighting-2-25l-big-bottle-storage-ice-cube-tray-pocket-handle-dnpsic-1901-pure-silver-steel,https://vsprod.vijaysales.com/media/catalog/product/i/m/imgi_11_dnpsic_1901.jpg,4,17.96,Large Appliances,Single Door,191,3,"DNPsiC 1901 Pure, Silver Steel"
2026-02-03,2026-02-03 12:16:03,refrigerator,224351,Bluestar,8990,11990,Unavailable,https://www.vijaysales.com/p/224351/bluestar-47-litres-2-star-mini-bar-refrigerator-temperature-control-dial-reversible-door-silent-operation-led-lighting-mr60-gg,https://vsprod.vijaysales.com/media/catalog/product/2/2/224351_1_.jpg,5,25.02,Large Appliances,Single Door,47,2,MR60-GG
2026-02-03,2026-02-03 12:16:03,refrigerator,222638,Haier,51990,76490,Available,https://www.vijaysales.com/p/P222638/222638/haier-445-litres-2-star-double-door-frost-free-inverter-refrigerator-with-14-in-1-convertible-magic-cooling-hrb-4952bgk-p-graphite-black,https://vsprod.vijaysales.com/media/catalog/product/2/2/222638-pdp_1_.jpg,4,32.03,Large Appliances,Double Door,445,2,"HRB-4952BGK-P, Graphite Black"
2026-02-03,2026-02-03 12:16:03,refrigerator,222379,LG,97990,129899,Unavailable,https://www.vijaysales.com/p/P222377/222379/lg-650-l-side-by-side-door-convertible-refrigerator-with-door-cooling-hygiene-fresh-gl-b257epz3-shiny-steel,https://vsprod.vijaysales.com/media/catalog/product/2/2/222379-image1_1.jpg,5,24.56,Large Appliances,Side By Side,650,5,"GL-B257EPZ3, Shiny Steel"
2026-02-03,2026-02-03 12:16:03,refrigerator,222377,LG,114990,147199,Available,https://www.vijaysales.com/p/P222377/222377/lg-650-litres-side-by-side-door-convertible-inverter-refrigerator-with-smart-diagnosis-hygiene-fresh-gl-b257dbm3-black-mirror,https://vsprod.vijaysales.com/media/catalog/product/g/l/gl-b257dbm3_1.jpg,4,21.88,Large Appliances,Side By Side,650,2,"GL-B257DBM3, Black Mirror"
