scrape_date,scrape_timestamp,category,product_id,brand,price,mrp,availability,product_url,image_url,rating,discount,main_category,sub_category,screen_size,resolution
2026-02-02,2026-02-02 10:51:36,television,231930,Sansui,8490,17990,Available,https://www.vijaysales.com/p/231930/sansui-led-jsy32nshdf,https://vsprod.vijaysales.com/media/catalog/product/2/3/231930-image.jpg,4,52.81,Television and Entertainment,HD,32,HD Ready
2026-02-02,2026-02-02 10:51:36,television,234496,Sansui,10590,20990,Available,https://www.vijaysales.com/p/234496/sansui-80-cm-32-inches-hd-smart-google-qled-tv-with-dolby-audio-jss32csqled,https://vsprod.vijaysales.com/media/catalog/product/2/3/234496_1_.jpg,5,49.55,Television and Entertainment,HD,32,QLED
2026-02-02,2026-02-02 10:51:36,television,239913,Sony,41800,63900,Available,https://www.vijaysales.com/p/P239913/239913/sony-bravia-2-108-cm-43-inch-4k-ultra-hd-led-google-tv-4k-processor-x1-hdr10-hlg-dolbytm-atmos-chromecast-built-in-k-43s25m2,https://vsprod.vijaysales.com/media/catalog/product/2/3/239913_1_.jpg,4,34.59,Television and Entertainment,4K Ultra HD,43,4K UHD
2026-02-02,2026-02-02 10:51:36,television,239914,Sony,58990,91900,Available,https://www.vijaysales.com/p/P239913/239914/sony-bravia-2-139-cm-55-inch-4k-ultra-hd-led-google-tv-4k-processor-x1-hdr10-hlg-dolbytm-atmos-chromecast-built-in-k-55s25m2,https://vsprod.vijaysales.com/media/catalog/product/2/3/239914_1_.jpg,4,35.81,Television and Entertainment,4K Ultra HD,55,4K UHD
2026-02-02,2026-02-02 10:51:36,television,238219,Sansui,10990,21490,Unavailable,https://www.vijaysales.com/p/238219/sansui-80-cm-32-inch-hd-led-google-tv-hdr-10-hlg-google-voice-assistant-dolby-audio-jswg32gshd,https://vsprod.vijaysales.com/media/catalog/product/2/3/238219_2_.jpg,4,48.86,Television and Entertainment,HD,32,4K UHD
2026-02-02,2026-02-02 10:51:36,television,242146,LG,13490,21490,Available,https://www.vijaysales.com/p/242146/lg-80cm-32-inch-hd-smart-tv-webos-23-a5-gen6-ai-processor-with-ai-brightness-hdr10-hlg-ai-sound-intelligent-voice-recognition-32lr570b6la,https://vsprod.vijaysales.com/media/catalog/product/2/4/242146_1.jpg,5,37.23,Television and Entertainment,HD,32,QLED
2026-02-02,2026-02-02 10:51:36,television,238220,Sansui,16990,34640,Available,https://www.vijaysales.com/p/238220/sansui-108-cm-43-inch-fhd-led-smart-tv-hdr-screen-sharing-arc-coax-dolby-audio-jswg43csfhd,https://vsprod.vijaysales.com/media/catalog/product/7/1/71kgo5nrnrl._sl1500_.jpg,4,50.95,Television and Entertainment,Full HD,43,Full HD
2026-02-02,2026-02-02 10:51:36,television,237494,Sony,61990,91900,Available,https://www.vijaysales.com/p/P237494/237494/sony-bravia-3-108-cm-43-inch-4k-ultra-hd-led-google-tv-hdr10-hlg-dolby-vision-dolby-atmos-built-in-mic-k-43s30,https://vsprod.vijaysales.com/media/catalog/product/2/3/237494_1.jpg,5,32.55,Television and Entertainment,4K Ultra HD,43,4K UHD
2026-02-02,2026-02-02 10:51:36,television,231120,Sony,72800,118900,Available,https://www.vijaysales.com/p/P237494/231120/sony-ultra-hd-4k-tv-55-inch-139-cm-with-dolby-atmos-and-bass-reflex-speaker-k55s30-black,https://vsprod.vijaysales.com/media/catalog/product/2/3/231120-image.jpg,5,38.77,Television and Entertainment,4K Ultra HD,55,4K UHD
2026-02-02,2026-02-02 10:51:36,television,240940,LG,67990,110590,Available,https://www.vijaysales.com/p/240940/lg-139cm-55-inch-4k-qned-miniled-tv-webos-25-a8-ai-processor-4k-gen2-dolby-vision-filmmaker-mode-dolby-atmos-hgig-allm-ai-sound-freesync-amd-google-cast-55qned8xa6a-2025,https://vsprod.vijaysales.com/media/catalog/product/2/4/240940_1_.jpg,5,38.52,Television and Entertainment,4K Ultra HD,55,4K UHD
2026-02-02,2026-02-02 10:51:36,television,244115,Sansui,24990,43190,Available,https://www.vijaysales.com/p/244115/sansui-4k-qled-series-109cm-43-inch-4k-ultra-hd-qled-smart-google-tv-hdr10-hlg-dolby-vision-memc-dolby-atmos-screen-sharing-google-assistant-jsw43ug23q,https://vsprod.vijaysales.com/media/catalog/product/2/4/244115_1_.jpg,4,42.14,Television and Entertainment,4K Ultra HD,43,4K UHD
2026-02-02,2026-02-02 10:51:36,television,243041,Sansui,35990,58490,Available,https://www.vijaysales.com/p/243041/sansui-140cm-55-inch-4k-ultra-hd-qled-smart-google-tv-hdr10-hlg-dolby-vision-memc-dolby-atmos-screen-sharing-google-assistant-jsw55ug23q,https://vsprod.vijaysales.com/media/catalog/product/2/4/243041_1_.jpg,5,38.47,Television and Entertainment,4K Ultra HD,55,4K UHD
2026-02-02,2026-02-02 10:51:36,television,242131,Sony,37490,54900,Available,https://www.vijaysales.com/p/P242131/242131/sony-bravia-2m2-series-108-cm-43-inch-4k-ultra-hd-led-google-tv-4k-processor-x1-hdr10-hlg-dolbytm-atmos-allm-chromecast-built-in-k-43s22bm2,https://vsprod.vijaysales.com/media/catalog/product/2/4/242131_1.jpg,4,31.71,Television and Entertainment,4K Ultra HD,43,4K UHD
2026-02-02,2026-02-02 10:51:36,television,239480,TCL,20990,41390,Available,https://www.vijaysales.com/p/P239250/239480/tcl-s5k-series-108-cm-43-inch-fhd-qled-google-tv-hdr-10-hlg-dolby-audio-google-cast-43s5k,https://vsprod.vijaysales.com/media/catalog/product/2/3/239480_1.jpg,5,49.29,Television and Entertainment,Full HD,43,Full HD
2026-02-02,2026-02-02 10:51:36,television,243038,Sansui,19990,35990,Available,https://www.vijaysales.com/p/243038/sansui-2k-series-109cm-43-inch-full-hd-smart-led-tv-hdr10-hlg-noise-reduction-dolby-audio-screen-sharing-surround-sound-google-assistant-jsw43fhg5,https://vsprod.vijaysales.com/media/catalog/product/2/4/243038_1_.jpg,5,44.46,Television and Entertainment,Full HD,43,Full HD
2026-02-02,2026-02-02 10:51:36,television,238476,LG,15490,20990,Available,https://www.vijaysales.com/p/238476/lg-80-cm-32-inch-hd-ai-smart-webos-led-tv-hdr10-pro-a5-gen6-ai-processor-2-0-channel-ai-sound-32lr605b6lc,https://vsprod.vijaysales.com/media/catalog/product/2/3/238476_1_.jpg,4,26.2,Television and Entertainment,HD,32,4K UHD
2026-02-02,2026-02-02 10:51:36,television,239483,TCL,40990,98990,Available,https://www.vijaysales.com/p/P239483/239483/tcl-p8k-series-139cm-55-inch-4k-ultra-hd-qled-google-tv-onkyo-2-1-hi-fi-system-dolby-vision-hdr10-hlg-dolby-atmos-55p8k,https://vsprod.vijaysales.com/media/catalog/product/2/3/239483_1.jpg,4,58.59,Television and Entertainment,4K Ultra HD,55,8K
2026-02-02,2026-02-02 10:51:36,television,239484,TCL,49990,107990,Available,https://www.vijaysales.com/p/P239484/239484/tcl-c6k-series-139-cm-55-inch-4k-ultra-hd-led-google-tv-dolby-vision-iq-hdr-10-onkyo-2-1-hi-fi-system-dolby-atmos-55c6k,https://vsprod.vijaysales.com/media/catalog/product/2/3/239484_1.jpg,4,53.71,Television and Entertainment,4K Ultra HD,55,4K UHD
2026-02-02,2026-02-02 10:51:36,television,239879,LG,32899,48790,Available,https://www.vijaysales.com/p/239879/lg-108-cm-43-inch-4k-ultra-hd-ai-ua75-smart-tv-webos-25-a7-ai-processor-4k-gen8-hdr10-hlg-allm-intelligent-voice-recognition-dolby-atmos-43ua83506la,https://vsprod.vijaysales.com/media/catalog/product/2/3/239879_1.jpg,4,32.57,Television and Entertainment,4K Ultra HD,43,4K UHD
2026-02-02,2026-02-02 10:51:36,television,246496,Sansui,31990,54990,Unavailable,https://www.vijaysales.com/p/246496/sansui-140cm-55-inch-4k-ultra-hd-led-smart-google-tv-hdr10-hlg-memc-dolby-audio-screen-sharing-google-assistant-jsw55ug23,https://vsprod.vijaysales.com/media/catalog/product/2/4/246496_1_.jpg,4,41.83,Television and Entertainment,4K Ultra HD,55,4K UHD
2026-02-02,2026-02-02 10:51:36,television,245150,Sansui,11990,22490,Available,https://www.vijaysales.com/p/245150/sansui-80cm-32-inch-hd-qled-smart-google-tv-hdr10-hlg-noise-reduction-inbuilt-soundbar-google-assistant-screen-sharing-jss32gsqled,https://vsprod.vijaysales.com/media/catalog/product/j/s/jss32gsqled_1.jpg,5,46.69,Television and Entertainment,HD,32,QLED
2026-02-02,2026-02-02 10:51:36,television,243039,Sansui,23690,40490,Available,https://www.vijaysales.com/p/243039/sansui-109cm-43-inch-4k-ultra-hd-smart-led-google-tv-hdr10-hlg-memc-dolby-audio-screen-sharing-google-assistant-jsw43ug23,https://vsprod.vijaysales.com/media/catalog/product/j/s/jsw43ug23-1n.jpg,4,41.49,Television and Entertainment,4K Ultra HD,43,4K UHD
2026-02-02,2026-02-02 10:51:36,television,240201,Sony,39290,54900,Available,https://www.vijaysales.com/p/240201/sony-bravia-2m2-series-108-cm-43-inch-4k-ultra-hd-led-google-tv-4k-processor-x1-hdr10-hlg-dolbytm-atmos-chromecast-built-in-k-43s22m2,https://vsprod.vijaysales.com/media/catalog/product/2/4/240201_1.jpg,5,28.43,Television and Entertainment,4K Ultra HD,43,4K UHD
2026-02-02,2026-02-02 10:51:36,television,240939,LG,102990,156690,Available,https://www.vijaysales.com/p/P240939/240939/lg-164cm-65-inch-4k-qned-miniled-tv-webos-25-a8-ai-processor-4k-gen2-dolby-vision-filmmaker-mode-dolby-atmos-hgig-allm-ai-sound-freesync-amd-google-cast-65qned8xa6a-2025,https://vsprod.vijaysales.com/media/catalog/product/2/4/240938_1.jpg,5,34.27,Television and Entertainment,4K Ultra HD,65,4K UHD
2026-02-02,2026-02-02 10:51:36,television,246377,LG,39990,66290,Available,https://www.vijaysales.com/p/246377/lg-ua8200-series-139cm-55-inch-4k-ultra-hd-ai-tv-webos-25-a7-ai-processor-4k-gen8-hdr10-hlg-allm-hgig-ai-chatbot-google-cast-a7-ai-sound-pro-dolby-atmos-55ua82006la-2025,https://vsprod.vijaysales.com/media/catalog/product/2/4/246377_1_.jpg,4,39.67,Television and Entertainment,4K Ultra HD,55,4K UHD
2026-02-02,2026-02-02 10:51:36,television,245014,Xiaomi,28999,44999,Available,https://www.vijaysales.com/p/P245014/245014/xiaomi-x-pro-qled-series-108cm-43-inch-4k-ultra-hd-google-tv-dolby-vision-hdr-10-filmmaker-mode-xiaomi-sound-32gb-storage-google-cast-google-voice-assistant-l43mb-apin-2025,https://vsprod.vijaysales.com/media/catalog/product/2/4/245014_2_.jpg,5,35.56,Television and Entertainment,4K Ultra HD,43,4K UHD
2026-02-02,2026-02-02 10:51:36,television,243040,Sansui,28990,51290,Unavailable,https://www.vijaysales.com/p/243040/sansui-4k-qled-series-127cm-50-inch-4k-ultra-hd-qled-smart-google-tv-hdr10-hlg-dolby-vision-memc-dolby-atmos-screen-sharing-google-assistant-jsw50ug23q,https://vsprod.vijaysales.com/media/catalog/product/2/4/243040_1_.jpg,4,43.48,Television and Entertainment,4K Ultra HD,50,4K UHD
2026-02-02,2026-02-02 10:51:36,television,243616,TCL,13990,22990,Available,https://www.vijaysales.com/p/243616/tcl-80-cm-32-inches-full-hd-qled-smart-google-tv-with-hdr10-dolby-audio-chromecast-built-in-voice-remote-32v5c,https://vsprod.vijaysales.com/media/catalog/product/2/4/243616_9_.jpg,5,39.15,Television and Entertainment,4K Ultra HD,32,Full HD
2026-02-02,2026-02-02 10:51:36,television,243549,Sansui,46990,74690,Unavailable,https://www.vijaysales.com/p/243549/sansui-4k-qled-series-165cm-65-inch-4k-ultra-hd-qled-smart-google-tv-hdr10-hlg-dolby-vision-memc-dolby-atmos-screen-sharing-google-assistant-jsw65ug23q,https://vsprod.vijaysales.com/media/catalog/product/2/4/243549_1_.jpg,4,37.09,Television and Entertainment,4K Ultra HD,65,4K UHD
2026-02-02,2026-02-02 10:51:36,television,240926,LG,46990,72790,Available,https://www.vijaysales.com/p/P240925/240926/lg-139cm-55-inch-4k-ultra-hd-ai-tv-webos-25-a7-ai-processor-4k-gen8-hdr10-hlg-allm-hgig-ai-chatbot-google-cast-a7-ai-sound-pro-dolby-atmos-55ua83506la-2025,https://vsprod.vijaysales.com/media/catalog/product/2/4/240925_1_1.jpg,5,35.44,Television and Entertainment,4K Ultra HD,55,4K UHD
2026-02-02,2026-02-02 10:51:36,television,231930,Sansui,8490,17990,Available,https://www.vijaysales.com/p/231930/sansui-led-jsy32nshdf,https://vsprod.vijaysales.com/media/catalog/product/2/3/231930-image.jpg,5,52.81,Television and Entertainment,HD,32,HD Ready
2026-02-02,2026-02-02 10:51:36,television,234496,Sansui,10590,20990,Available,https://www.vijaysales.com/p/234496/sansui-80-cm-32-inches-hd-smart-google-qled-tv-with-dolby-audio-jss32csqled,https://vsprod.vijaysales.com/media/catalog/product/2/3/234496_1_.jpg,4,49.55,Television and Entertainment,HD,32,QLED
2026-02-02,2026-02-02 10:51:36,television,239913,Sony,41800,63900,Available,https://www.vijaysales.com/p/P239913/239913/sony-bravia-2-108-cm-43-inch-4k-ultra-hd-led-google-tv-4k-processor-x1-hdr10-hlg-dolbytm-atmos-chromecast-built-in-k-43s25m2,https://vsprod.vijaysales.com/media/catalog/product/2/3/239913_1_.jpg,4,34.59,Television and Entertainment,4K Ultra HD,43,4K UHD
2026-02-02,2026-02-02 10:51:36,television,239914,Sony,58990,91900,Available,https://www.vijaysales.com/p/P239913/239914/sony-bravia-2-139-cm-55-inch-4k-ultra-hd-led-google-tv-4k-processor-x1-hdr10-hlg-dolbytm-atmos-chromecast-built-in-k-55s25m2,https://vsprod.vijaysales.com/media/catalog/product/2/3/239914_1_.jpg,4,35.81,Television and Entertainment,4K Ultra HD,55,4K UHD
2026-02-02,2026-02-02 10:51:36,television,238219,Sansui,10990,21490,Unavailable,https://www.vijaysales.com/p/238219/sansui-80-cm-32-inch-hd-led-google-tv-hdr-10-hlg-google-voice-assistant-dolby-audio-jswg32gshd,https://vsprod.vijaysales.com/media/catalog/product/2/3/238219_2_.jpg,4,48.86,Television and Entertainment,HD,32,4K UHD
2026-02-02,2026-02-02 10:51:36,television,242146,LG,13490,21490,Available,https://www.vijaysales.com/p/242146/lg-80cm-32-inch-hd-smart-tv-webos-23-a5-gen6-ai-processor-with-ai-brightness-hdr10-hlg-ai-sound-intelligent-voice-recognition-32lr570b6la,https://vsprod.vijaysales.com/media/catalog/product/2/4/242146_1.jpg,5,37.23,Television and Entertainment,HD,32,4K UHD
2026-02-02,2026-02-02 10:51:36,television,238220,Sansui,16990,34640,Available,https://www.vijaysales.com/p/238220/sansui-108-cm-43-inch-fhd-led-smart-tv-hdr-screen-sharing-arc-coax-dolby-audio-jswg43csfhd,https://vsprod.vijaysales.com/media/catalog/product/7/1/71kgo5nrnrl._sl1500_.jpg,5,50.95,Television and Entertainment,Full HD,43,Full HD
2026-02-02,2026-02-02 10:51:36,television,237494,Sony,61990,91900,Available,https://www.vijaysales.com/p/P237494/237494/sony-bravia-3-108-cm-43-inch-4k-ultra-hd-led-google-tv-hdr10-hlg-dolby-vision-dolby-atmos-built-in-mic-k-43s30,https://vsprod.vijaysales.com/media/catalog/product/2/3/237494_1.jpg,5,32.55,Television and Entertainment,4K Ultra HD,43,4K UHD
2026-02-02,2026-02-02 10:51:36,television,231120,Sony,72800,118900,Available,https://www.vijaysales.com/p/P237494/231120/sony-ultra-hd-4k-tv-55-inch-139-cm-with-dolby-atmos-and-bass-reflex-speaker-k55s30-black,https://vsprod.vijaysales.com/media/catalog/product/2/3/231120-image.jpg,5,38.77,Television and Entertainment,4K Ultra HD,55,4K UHD
2026-02-02,2026-02-02 10:51:36,television,240940,LG,67990,110590,Available,https://www.vijaysales.com/p/240940/lg-139cm-55-inch-4k-qned-miniled-tv-webos-25-a8-ai-processor-4k-gen2-dolby-vision-filmmaker-mode-dolby-atmos-hgig-allm-ai-sound-freesync-amd-google-cast-55qned8xa6a-2025,https://vsprod.vijaysales.com/media/catalog/product/2/4/240940_1_.jpg,5,38.52,Television and Entertainment,4K Ultra HD,55,4K UHD
2026-02-02,2026-02-02 10:51:36,television,244115,Sansui,24990,43190,Available,https://www.vijaysales.com/p/244115/sansui-4k-qled-series-109cm-43-inch-4k-ultra-hd-qled-smart-google-tv-hdr10-hlg-dolby-vision-memc-dolby-atmos-screen-sharing-google-assistant-jsw43ug23q,https://vsprod.vijaysales.com/media/catalog/product/2/4/244115_1_.jpg,4,42.14,Television and Entertainment,4K Ultra HD,43,4K UHD
2026-02-02,2026-02-02 10:51:36,television,243041,Sansui,35990,58490,Available,https://www.vijaysales.com/p/243041/sansui-140cm-55-inch-4k-ultra-hd-qled-smart-google-tv-hdr10-hlg-dolby-vision-memc-dolby-atmos-screen-sharing-google-assistant-jsw55ug23q,https://vsprod.vijaysales.com/media/catalog/product/2/4/243041_1_.jpg,5,38.47,Television and Entertainment,4K Ultra HD,55,4K UHD
2026-02-02,2026-02-02 10:51:36,television,242131,Sony,37490,54900,Available,https://www.vijaysales.com/p/P242131/242131/sony-bravia-2m2-series-108-cm-43-inch-4k-ultra-hd-led-google-tv-4k-processor-x1-hdr10-hlg-dolbytm-atmos-allm-chromecast-built-in-k-43s22bm2,https://vsprod.vijaysales.com/media/catalog/product/2/4/242131_1.jpg,5,31.71,Television and Entertainment,4K Ultra HD,43,4K UHD
2026-02-02,2026-02-02 10:51:36,television,239480,TCL,20990,41390,Available,https://www.vijaysales.com/p/P239250/239480/tcl-s5k-series-108-cm-43-inch-fhd-qled-google-tv-hdr-10-hlg-dolby-audio-google-cast-43s5k,https://vsprod.vijaysales.com/media/catalog/product/2/3/239480_1.jpg,5,49.29,Television and Entertainment,Full HD,43,Full HD
2026-02-02,2026-02-02 10:51:36,television,243038,Sansui,19990,35990,Available,https://www.vijaysales.com/p/243038/sansui-2k-series-109cm-43-inch-full-hd-smart-led-tv-hdr10-hlg-noise-reduction-dolby-audio-screen-sharing-surround-sound-google-assistant-jsw43fhg5,https://vsprod.vijaysales.com/media/catalog/product/2/4/243038_1_.jpg,5,44.46,Television and Entertainment,Full HD,43,Full HD
2026-02-02,2026-02-02 10:51:36,television,238476,LG,15490,20990,Available,https://www.vijaysales.com/p/238476/lg-80-cm-32-inch-hd-ai-smart-webos-led-tv-hdr10-pro-a5-gen6-ai-processor-2-0-channel-ai-sound-32lr605b6lc,https://vsprod.vijaysales.com/media/catalog/product/2/3/238476_1_.jpg,5,26.2,Television and Entertainment,HD,32,4K UHD
2026-02-02,2026-02-02 10:51:36,television,239483,TCL,40990,98990,Available,https://www.vijaysales.com/p/P239483/239483/tcl-p8k-series-139cm-55-inch-4k-ultra-hd-qled-google-tv-onkyo-2-1-hi-fi-system-dolby-vision-hdr10-hlg-dolby-atmos-55p8k,https://vsprod.vijaysales.com/media/catalog/product/2/3/239483_1.jpg,4,58.59,Television and Entertainment,4K Ultra HD,55,8K
2026-02-02,2026-02-02 10:51:36,television,239484,TCL,49990,107990,Available,https://www.vijaysales.com/p/P239484/239484/tcl-c6k-series-139-cm-55-inch-4k-ultra-hd-led-google-tv-dolby-vision-iq-hdr-10-onkyo-2-1-hi-fi-system-dolby-atmos-55c6k,https://vsprod.vijaysales.com/media/catalog/product/2/3/239484_1.jpg,5,53.71,Television and Entertainment,4K Ultra HD,55,4K UHD
2026-02-02,2026-02-02 10:51:36,television,239879,LG,32899,48790,Available,https://www.vijaysales.com/p/239879/lg-108-cm-43-inch-4k-ultra-hd-ai-ua75-smart-tv-webos-25-a7-ai-processor-4k-gen8-hdr10-hlg-allm-intelligent-voice-recognition-dolby-atmos-43ua83506la,https://vsprod.vijaysales.com/media/catalog/product/2/3/239879_1.jpg,4,32.57,Television and Entertainment,4K Ultra HD,43,4K UHD
2026-02-02,2026-02-02 10:51:36,television,246496,Sansui,31990,54990,Unavailable,https://www.vijaysales.com/p/246496/sansui-140cm-55-inch-4k-ultra-hd-led-smart-google-tv-hdr10-hlg-memc-dolby-audio-screen-sharing-google-assistant-jsw55ug23,https://vsprod.vijaysales.com/media/catalog/product/2/4/246496_1_.jpg,4,41.83,Television and Entertainment,4K Ultra HD,55,4K UHD
2026-02-02,2026-02-02 10:51:36,television,245150,Sansui,11990,22490,Available,https://www.vijaysales.com/p/245150/sansui-80cm-32-inch-hd-qled-smart-google-tv-hdr10-hlg-noise-reduction-inbuilt-soundbar-google-assistant-screen-sharing-jss32gsqled,https://vsprod.vijaysales.com/media/catalog/product/j/s/jss32gsqled_1.jpg,4,46.69,Television and Entertainment,HD,32,QLED
2026-02-02,2026-02-02 10:51:36,television,243039,Sansui,23690,40490,Available,https://www.vijaysales.com/p/243039/sansui-109cm-43-inch-4k-ultra-hd-smart-led-google-tv-hdr10-hlg-memc-dolby-audio-screen-sharing-google-assistant-jsw43ug23,https://vsprod.vijaysales.com/media/catalog/product/j/s/jsw43ug23-1n.jpg,5,41.49,Television and Entertainment,4K Ultra HD,43,4K UHD
2026-02-02,2026-02-02 10:51:36,television,240201,Sony,39290,54900,Available,https://www.vijaysales.com/p/240201/sony-bravia-2m2-series-108-cm-43-inch-4k-ultra-hd-led-google-tv-4k-processor-x1-hdr10-hlg-dolbytm-atmos-chromecast-built-in-k-43s22m2,https://vsprod.vijaysales.com/media/catalog/product/2/4/240201_1.jpg,5,28.43,Television and Entertainment,4K Ultra HD,43,4K UHD
2026-02-02,2026-02-02 10:51:36,television,240939,LG,102990,156690,Available,https://www.vijaysales.com/p/P240939/240939/lg-164cm-65-inch-4k-qned-miniled-tv-webos-25-a8-ai-processor-4k-gen2-dolby-vision-filmmaker-mode-dolby-atmos-hgig-allm-ai-sound-freesync-amd-google-cast-65qned8xa6a-2025,https://vsprod.vijaysales.com/media/catalog/product/2/4/240938_1.jpg,5,34.27,Television and Entertainment,4K Ultra HD,65,4K UHD
2026-02-02,2026-02-02 10:51:36,television,246377,LG,39990,66290,Available,https://www.vijaysales.com/p/246377/lg-ua8200-series-139cm-55-inch-4k-ultra-hd-ai-tv-webos-25-a7-ai-processor-4k-gen8-hdr10-hlg-allm-hgig-ai-chatbot-google-cast-a7-ai-sound-pro-dolby-atmos-55ua82006la-2025,https://vsprod.vijaysales.com/media/catalog/product/2/4/246377_1_.jpg,5,39.67,Television and Entertainment,4K Ultra HD,55,4K UHD
2026-02-02,2026-02-02 10:51:36,television,245014,Xiaomi,28999,44999,Available,https://www.vijaysales.com/p/P245014/245014/xiaomi-x-pro-qled-series-108cm-43-inch-4k-ultra-hd-google-tv-dolby-vision-hdr-10-filmmaker-mode-xiaomi-sound-32gb-storage-google-cast-google-voice-assistant-l43mb-apin-2025,https://vsprod.vijaysales.com/media/catalog/product/2/4/245014_2_.jpg,4,35.56,Television and Entertainment,4K Ultra HD,43,4K UHD
2026-02-02,2026-02-02 10:51:36,television,243040,Sansui,28990,51290,Unavailable,https://www.vijaysales.com/p/243040/sansui-4k-qled-series-127cm-50-inch-4k-ultra-hd-qled-smart-google-tv-hdr10-hlg-dolby-vision-memc-dolby-atmos-screen-sharing-google-assistant-jsw50ug23q,https://vsprod.vijaysales.com/media/catalog/product/2/4/243040_1_.jpg,4,43.48,Television and Entertainment,4K Ultra HD,50,4K UHD
2026-02-02,2026-02-02 10:51:36,television,243616,TCL,13990,22990,Available,https://www.vijaysales.com/p/243616/tcl-80-cm-32-inches-full-hd-qled-smart-google-tv-with-hdr10-dolby-audio-chromecast-built-in-voice-remote-32v5c,https://vsprod.vijaysales.com/media/catalog/product/2/4/243616_9_.jpg,4,39.15,Television and Entertainment,4K Ultra HD,32,Full HD
2026-02-02,2026-02-02 10:51:36,television,243549,Sansui,46990,74690,Unavailable,https://www.vijaysales.com/p/243549/sansui-4k-qled-series-165cm-65-inch-4k-ultra-hd-qled-smart-google-tv-hdr10-hlg-dolby-vision-memc-dolby-atmos-screen-sharing-google-assistant-jsw65ug23q,https://vsprod.vijaysales.com/media/catalog/product/2/4/243549_1_.jpg,5,37.09,Television and Entertainment,4K Ultra HD,65,4K UHD
2026-02-02,2026-02-02 10:51:36,television,240926,LG,46990,72790,Available,https://www.vijaysales.com/p/P240925/240926/lg-139cm-55-inch-4k-ultra-hd-ai-tv-webos-25-a7-ai-processor-4k-gen8-hdr10-hlg-allm-hgig-ai-chatbot-google-cast-a7-ai-sound-pro-dolby-atmos-55ua83506la-2025,https://vsprod.vijaysales.com/media/catalog/product/2/4/240925_1_1.jpg,4,35.44,Television and Entertainment,4K Ultra HD,55,4K UHD
2026-02-02,2026-02-02 10:51:36,television,239644,TCL,27990,49490,Available,https://www.vijaysales.com/p/239644/tcl-p7k-series-108-cm-43-inch-4k-ultra-hd-qled-google-tv-hdr10-dolby-vision-google-assistant-built-in-dolby-atmos-43p7k,https://vsprod.vijaysales.com/media/catalog/product/2/3/239644_1.jpg,4,43.44,Television and Entertainment,4K Ultra HD,43,4K UHD
2026-02-02,2026-02-02 10:51:36,television,240928,LG,35790,56190,Available,https://www.vijaysales.com/p/240928/lg-nanocell-ai-nano83-108cm-43-inch-4k-ultra-hd-smart-tv-webos-25-a7-ai-processor-4k-gen8-hdr10-hlg-allm-hgig-intelligent-voice-recognition-dolby-atmos-43nano83a6a-2025,https://vsprod.vijaysales.com/media/catalog/product/2/4/240928_1.jpg,4,36.31,Television and Entertainment,4K Ultra HD,43,4K UHD
2026-02-02,2026-02-02 10:51:36,television,240927,LG,67790,96790,Available,https://www.vijaysales.com/p/240927/lg-165-cm-65-inches-4k-ultra-hd-led-smart-tv-with-webos-hdr10-pro-dolby-audio-voice-remote-65ua83506la,https://vsprod.vijaysales.com/media/catalog/product/1/_/1_110.jpg,4,29.96,Television and Entertainment,4K Ultra HD,65,4K UHD
2026-02-02,2026-02-02 10:51:36,television,246966,Sansui,22990,42990,Available,https://www.vijaysales.com/p/246966/sansui-109cm-43-inch-fhd-qled-smart-google-tv-hdr10-hlg-noise-reduction-dolby-audio-screen-sharing-google-assistant-jsw43fhg5q,https://vsprod.vijaysales.com/media/catalog/product/2/4/246966_1_.jpg,4,46.52,Television and Entertainment,Full HD,43,Full HD
2026-02-02,2026-02-02 10:51:36,television,206980,Sansui,46990,71990,Available,https://www.vijaysales.com/p/P234913/206980/sansui-ultra-hd-4k-smart-qled-65-inch-165cm-jsw65gsqled-2022-model-edition,https://vsprod.vijaysales.com/media/catalog/product/2/0/206980_1.jpg,5,34.73,Television and Entertainment,4K Ultra HD,65,4K UHD
2026-02-02,2026-02-02 10:51:36,television,231161,Sony,91990,151900,Available,https://www.vijaysales.com/p/P237494/231161/sony-ultra-hd-4k-tv-65-inch-166-cm-with-dolby-vision-hdr-and-dolby-atmos-k65s30-black,https://vsprod.vijaysales.com/media/catalog/product/2/3/231161n_1_.jpg,4,39.44,Television and Entertainment,4K Ultra HD,65,4K UHD
2026-02-02,2026-02-02 10:51:36,television,240925,LG,40990,62690,Available,https://www.vijaysales.com/p/P240925/240925/lg-126cm-50-inch-4k-ultra-hd-ai-tv-webos-25-a7-ai-processor-4k-gen8-hdr10-hlg-allm-hgig-ai-chatbot-google-cast-a7-ai-sound-pro-dolby-atmos-50ua83506la-2025,https://vsprod.vijaysales.com/media/catalog/product/2/4/240925_1.jpg,5,34.61,Television and Entertainment,4K Ultra HD,50,4K UHD
2026-02-02,2026-02-02 10:51:36,television,239251,TCL,12490,20990,Available,https://www.vijaysales.com/p/239251/tcl-80cm-32-inch-hd-smart-google-qled-tv-google-cast-hdr-10-dolby-audio-32s4k,https://vsprod.vijaysales.com/media/catalog/product/2/3/239251_1_.jpg,4,40.5,Television and Entertainment,HD,32,4K UHD
2026-02-02,2026-02-02 10:51:36,television,243620,TCL,35990,70190,Available,https://www.vijaysales.com/p/243620/tcl-139-cm-55-inches-4k-ultra-hd-led-smart-google-tv-with-hdr10-dolby-vision-aipq-processor-hva-panel-voice-remote-55v6c,https://vsprod.vijaysales.com/media/catalog/product/2/4/243620_8_.jpg,5,48.72,Television and Entertainment,4K Ultra HD,55,4K UHD
2026-02-02,2026-02-02 10:51:36,television,246378,LG,28990,46090,Available,https://www.vijaysales.com/p/246378/lg-ua8200-series-108cm-43-inch-4k-ultra-hd-ai-tv-webos-25-a7-ai-processor-4k-gen8-hdr10-hlg-allm-hgig-ai-chatbot-google-cast-a7-ai-sound-pro-dolby-atmos-43ua82006la-2025,https://vsprod.vijaysales.com/media/catalog/product/2/4/246378_1_.jpg,4,37.1,Television and Entertainment,4K Ultra HD,43,4K UHD
2026-02-02,2026-02-02 10:51:36,television,245426,Xiaomi,14999,26999,Available,https://www.vijaysales.com/p/245426/xiaomi-a-pro-qled-series-80cm-32-inch-hd-google-tv-vivid-picture-engine-2-dolby-audio-8gb-storage-xiaomi-tv-google-voice-assistant-miracast-l32mb-apin,https://vsprod.vijaysales.com/media/catalog/product/2/4/245426_1_.jpg,4,44.45,Television and Entertainment,HD,32,QLED
2026-02-02,2026-02-02 10:51:36,television,243617,TCL,12990,20490,Available,https://www.vijaysales.com/p/243617/tcl-80-cm-32-inches-hd-ready-qled-smart-google-tv-with-hdr10-dolby-audio-chromecast-built-in-voice-remote-32v4c,https://vsprod.vijaysales.com/media/catalog/product/2/4/243617_10_.jpg,4,36.6,Television and Entertainment,4K Ultra HD,32,HD Ready
2026-02-02,2026-02-02 10:51:36,television,231548,Sansui,31990,52890,Available,https://www.vijaysales.com/p/231548/sansui-140cm-55-inches-4k-ultra-hd-smart-google-led-tv-jswg55gsuhd,https://vsprod.vijaysales.com/media/catalog/product/2/3/231548-image.jpg,4,39.52,Television and Entertainment,4K Ultra HD,55,4K UHD
2026-02-02,2026-02-02 10:51:36,television,239482,TCL,33990,71090,Available,https://www.vijaysales.com/p/P239481/239482/tcl-p6k-series-139cm-55-inch-4k-ultra-hd-led-google-tv-aipq-processor-hdr10-hlg-2-0-channel-metallic-bezel-less-55p6k,https://vsprod.vijaysales.com/media/catalog/product/2/3/239482_1.jpg,5,52.19,Television and Entertainment,4K Ultra HD,55,4K UHD
2026-02-02,2026-02-02 10:51:36,television,240015,TCL,69990,152990,Available,https://www.vijaysales.com/p/P239484/240015/tcl-c6k-series-160-8cm-65-inch-4k-ultra-hd-mini-led-google-tv-onkyo-2-1-hi-fi-system-dolby-vision-iq-hdr-10-hlg-dolby-atmos-ultra-slim-design-65c6k,https://vsprod.vijaysales.com/media/catalog/product/2/4/240015_1.jpg,4,54.25,Television and Entertainment,4K Ultra HD,65,4K UHD
2026-02-02,2026-02-02 10:51:36,television,219966,Sansui,27990,46790,Available,https://www.vijaysales.com/p/219966/sansui-50-inch-127-cm-4k-ultra-hd-smart-led-tv-with-dolby-and-dts-audio-google-tv-google-assistant-jsw50gsuhd-2023-model-edition,https://vsprod.vijaysales.com/media/catalog/product/2/1/219966_1.jpg,5,40.18,Television and Entertainment,4K Ultra HD,50,4K UHD
2026-02-02,2026-02-02 10:51:36,television,243550,Sansui,71690,161910,Unavailable,https://www.vijaysales.com/p/243550/sansui-190cm-75-inch-4k-ultra-hd-qled-smart-google-tv-hdr10-hlg-dolby-vision-far-field-voice-control-dolby-atmos-screen-sharing-google-assistant-jsw75ug23qf,https://vsprod.vijaysales.com/media/catalog/product/2/4/243550_1_.jpg,4,55.72,Television and Entertainment,4K Ultra HD,75,4K UHD
2026-02-02,2026-02-02 10:51:36,television,243618,TCL,25990,47690,Available,https://www.vijaysales.com/p/243618/tcl-108-cm-43-inches-4k-ultra-hd-led-smart-google-tv-with-hdr10-dolby-vision-aipq-processor-hva-panel-voice-remote-43v6c,https://vsprod.vijaysales.com/media/catalog/product/2/4/243618_11_.jpg,5,45.5,Television and Entertainment,4K Ultra HD,43,4K UHD
2026-02-02,2026-02-02 10:51:36,television,245016,Xiaomi,24999,37999,Available,https://www.vijaysales.com/p/P245016/245016/xiaomi-x-series-108cm-43-inch-4k-ultra-hd-google-tv-dolby-vision-hdr-10-filmmaker-mode-dolby-audio-8gb-storage-google-cast-miracast-google-voice-assistant-l43mb-ain-2025,https://vsprod.vijaysales.com/media/catalog/product/2/4/245016_1_.jpg,4,34.21,Television and Entertainment,4K Ultra HD,43,4K UHD
2026-02-02,2026-02-02 10:51:36,television,245575,Vise,30990,73500,Available,https://www.vijaysales.com/p/245575/vise-by-vijay-sales-50-inches-126-cm-4k-ultra-hd-qled-smart-webos-tv-4k-enhancer-hdr10-hlg-dolby-digital-game-optimiser-mode-vs50qwa2d,https://vsprod.vijaysales.com/media/catalog/product/2/4/245575n.jpg,5,57.84,Television and Entertainment,4K Ultra HD,50,4K UHD
2026-02-02,2026-02-02 10:51:36,television,241121,Sony,296990,459900,Available,https://www.vijaysales.com/p/P241120/241121/sony-bravia-xr80m2-series-164cm-65-inch-4k-ultra-hd-oled-tv-google-tv-xr-processor-dolby-vision-dts-hd-high-resolution-audio-built-in-mic-google-play-store-k-65xr80m2-2025,https://vsprod.vijaysales.com/media/catalog/product/2/4/241121_2_.jpg,4,35.42,Television and Entertainment,4K Ultra HD,65,4K UHD
2026-02-02,2026-02-02 10:51:36,television,243037,Sansui,11490,21490,Available,https://www.vijaysales.com/p/243037/sansui-80cm-32-inch-hd-led-smart-google-tv-hdr10-hlg-noise-reduction-dolby-audio-google-assistant-jsw32hg5,https://vsprod.vijaysales.com/media/catalog/product/2/4/243037_1_.jpg,5,46.53,Television and Entertainment,HD,32,4K UHD
2026-02-02,2026-02-02 10:51:36,television,240792,LG,209990,387190,Available,https://www.vijaysales.com/p/P240953/240792/lg-oled-evo-164cm-65-inch-4k-ultra-hd-ai-tv-webos-25-a11-ai-processor-4k-gen2-oled-motion-dolby-vision-g-sync-nvidia-ai-chatbot-google-cast-dolby-atmos-oled65g56la-2025,https://vsprod.vijaysales.com/media/catalog/product/2/4/240953_1_1.jpg,4,45.77,Television and Entertainment,4K Ultra HD,65,4K UHD
2026-02-02,2026-02-02 10:51:36,television,230728,Sony,26450,34900,Available,https://www.vijaysales.com/p/230728/sony-80-cm-32-inches-led-2k-hdr-smart-google-tv-with-dolby-audio-dolby-atmos-kd32w835-black,https://vsprod.vijaysales.com/media/catalog/product/2/3/230728-image.jpg,4,24.21,Television and Entertainment,HD Ready,32,HD Ready
2026-02-02,2026-02-02 10:51:36,television,231518,Sony,137740,247900,Available,https://www.vijaysales.com/p/P237494/231518/sony-bravia-iii-75-inches-189cm-4k-ultra-hd-smart-led-google-tv-with-dolby-audio-google-assistant-built-in-voice-search-k-75s30-black,https://vsprod.vijaysales.com/media/catalog/product/2/3/231518-image.jpg,5,44.44,Television and Entertainment,4K Ultra HD,75,4K UHD
2026-02-02,2026-02-02 10:51:36,television,230873,Sony,142490,229900,Available,https://www.vijaysales.com/p/P230873/230873/sony-bravia-7-139-cm-55-inches-mini-led-qled-4k-hdr-google-tv-with-dolby-vision-hdr-features-for-playstation-5-k55xr70-2024-model-edition,https://vsprod.vijaysales.com/media/catalog/product/2/3/230873-image1.jpg,5,38.02,Television and Entertainment,4K Ultra HD,55,4K UHD
2026-02-02,2026-02-02 10:51:36,television,231600,Sony,246990,525900,Unavailable,https://www.vijaysales.com/p/P237494/231600/sony-215-cm-85-inches-4k-ultra-hd-led-google-tv-60hz-refresh-rate-chromecast-built-in-google-assistant-game-menu-k-85s30-black,https://vsprod.vijaysales.com/media/catalog/product/2/3/231600_16_.jpg,5,53.03,Television and Entertainment,4K Ultra HD,85,4K UHD
2026-02-02,2026-02-02 10:51:36,television,241366,Haier,25690,33990,Unavailable,https://www.vijaysales.com/p/241366/haier-108-cm-43-inches-4k-ultra-hd-led-smart-google-tv-with-hdr10-dolby-audio-built-in-chromecast-voice-remote-43a9ug,https://vsprod.vijaysales.com/media/catalog/product/2/4/241366_1_.jpg,4,24.42,Television and Entertainment,4K Ultra HD,43,4K UHD
2026-02-02,2026-02-02 10:51:36,television,244112,Sansui,67990,214990,Available,https://www.vijaysales.com/p/P244112/244112/sansui-165cm-65-inch-4k-ultra-hd-quantum-dot-mini-led-google-tv-hdr10-hlg-dolby-vision-memc-dolby-atmos-screen-sharing-google-assistant-far-field-voice-jsw65ugmqf,https://vsprod.vijaysales.com/media/catalog/product/2/4/244112_1_.jpg,4,68.38,Television and Entertainment,4K Ultra HD,65,4K UHD
2026-02-02,2026-02-02 10:51:36,television,245337,Xiaomi,13499,24999,Available,https://www.vijaysales.com/p/245337/xiaomi-a-series-80cm-32-inch-hd-google-tv-vivid-picture-engine-dolby-audio-8gb-storage-xiaomi-tv-google-voice-assistant-miracast-l32mb-ain-2025,https://vsprod.vijaysales.com/media/catalog/product/2/4/245337_1_.jpg,4,46.0,Television and Entertainment,HD,32,4K UHD
2026-02-02,2026-02-02 10:51:36,television,240929,LG,49990,82890,Available,https://www.vijaysales.com/p/240929/lg-nanocell-ai-nano83-139cm-55-inch-4k-ultra-hd-smart-tv-webos-25-a7-ai-processor-4k-gen8-hdr10-hlg-allm-hgig-intelligent-voice-recognition-dolby-atmos-55nano83a6a-2025,https://vsprod.vijaysales.com/media/catalog/product/2/4/240929_1.jpg,4,39.69,Television and Entertainment,4K Ultra HD,55,4K UHD
2026-02-02,2026-02-02 10:51:36,television,239489,TCL,229990,629990,Available,https://www.vijaysales.com/p/239489/tcl-p8k-series-248cm-98-inch-4k-ultra-hd-qled-google-tv-onkyo-2-1-hi-fi-system-dolby-vision-hdr10-hlg-dolby-atmos-98p8k,https://vsprod.vijaysales.com/media/catalog/product/2/3/239489.jpg,4,63.49,Television and Entertainment,4K Ultra HD,98,8K
2026-02-02,2026-02-02 10:51:36,television,240942,LG,58990,116090,Available,https://www.vijaysales.com/p/240942/lg-qned-ai-qned8b-139cm-55-inch-4k-ultra-hd-smart-tv-webos-25-a7-ai-processor-4k-gen8-hdr10-hlg-allm-hgig-intelligent-voice-recognition-dolby-atmos-55qned8ba6a-2025,https://vsprod.vijaysales.com/media/catalog/product/2/4/240942_1.jpg,5,49.19,Television and Entertainment,4K Ultra HD,55,4K UHD
2026-02-02,2026-02-02 10:51:36,television,243815,Vise,21990,46000,Available,https://www.vijaysales.com/p/243815/vise-by-vijay-sales-43-inches-109-cm-full-hd-led-smart-google-tv-android-14-allm-dolby-audio-game-mode-vs43fga2b,https://vsprod.vijaysales.com/media/catalog/product/2/4/243815.jpg,5,52.2,Television and Entertainment,Full HD,43,Full HD
2026-02-02,2026-02-02 10:51:36,television,243814,Vise,19490,36800,Available,https://www.vijaysales.com/p/243814/vise-by-vijay-sales-40-inches-102-cm-hd-qled-google-smart-tv-hdr-10-google-assistant-built-in-chromecast-dolby-audio-vs40qga2b,https://vsprod.vijaysales.com/media/catalog/product/2/4/243814_1_.jpg,5,47.04,Television and Entertainment,HD,40,QLED
2026-02-02,2026-02-02 10:51:36,television,244965,Vise,11990,40000,Available,https://www.vijaysales.com/p/244965/vise-by-vijay-sales-32-inches-80-cm-hd-qled-google-smart-tv-allm-memc-google-assistant-built-in-screen-cast-chromecast-dolby-audio-vs32qga2b,https://vsprod.vijaysales.com/media/catalog/product/2/4/244965n.jpg,4,70.03,Television and Entertainment,HD,32,QLED
2026-02-02,2026-02-02 10:51:36,television,240947,LG,118490,212590,Available,https://www.vijaysales.com/p/P240947/240947/lg-oled-evo-139cm-55-inch-4k-ultra-hd-oled-tv-webos-25-a9-ai-processor-4k-gen8-oled-motion-dolby-vision-g-sync-nvidia-ai-chatbot-google-cast-dolby-atmos-oled55c5xla-2025,https://vsprod.vijaysales.com/media/catalog/product/2/4/240948_2_1_.jpg,4,44.26,Television and Entertainment,4K Ultra HD,55,4K UHD
2026-02-02,2026-02-02 10:51:36,television,240946,LG,100180,150190,Available,https://www.vijaysales.com/p/240946/lg-oled-evo-c5-121cm-48-inch-4k-ultra-hd-ai-tv-webos-25-a9-ai-processor-4k-gen8-dolby-vision-filmmaker-mode-dolby-atmos-freesync-amd-g-sync-nvidia-a9-ai-sound-pro-google-cast-oled48c56la-2025,https://vsprod.vijaysales.com/media/catalog/product/2/4/240946_1_.jpg,4,33.3,Television and Entertainment,4K Ultra HD,48,4K UHD
2026-02-02,2026-02-02 10:51:36,television,241329,Sony,348640,598900,Available,https://www.vijaysales.com/p/P241331/241329/sony-215-cm-85-inches-4k-ultra-hd-mini-led-smart-google-tv-with-hdr10-dolby-vision-hlg-dolby-audio-dolby-atmos-k85xr55a,https://vsprod.vijaysales.com/media/catalog/product/2/4/241329_22_.jpg,4,41.79,Television and Entertainment,4K Ultra HD,85,4K UHD
2026-02-02,2026-02-02 10:51:36,television,244828,TCL,92490,296990,Unavailable,https://www.vijaysales.com/p/244828/tcl-c755-series-185cm-75-inch-4k-ultra-hd-qd-mini-led-google-tv-aipq-processor-3-0-dolby-vision-144hz-vrr-imax-enhanced-game-master-2-0-dolby-atmos-amd-freesync-premium-pro-75c755,https://vsprod.vijaysales.com/media/catalog/product/2/4/244828.jpg,4,68.86,Television and Entertainment,4K Ultra HD,75,4K UHD
2026-02-02,2026-02-02 10:51:36,television,239903,Xiaomi,60999,89999,Available,https://www.vijaysales.com/p/P245014/239903/xiaomi-x-pro-qled-series-165cm-65-inch-4k-ultra-hd-google-tv-dolby-vision-hdr-10-filmmaker-mode-xiaomi-sound-32gb-storage-google-cast-google-voice-assistant-l65mb-apin-2025,https://vsprod.vijaysales.com/media/catalog/product/2/3/239903_25_.jpg,5,32.22,Television and Entertainment,4K Ultra HD,65,4K UHD
2026-02-02,2026-02-02 10:51:36,television,230637,Haier,32990,69990,Unavailable,https://www.vijaysales.com/p/P230636/230637/haier-50-inch-127-cm-4k-uhd-led-smart-google-tv-with-bezel-less-design-dolby-atmos-google-assistant-m55ug,https://vsprod.vijaysales.com/media/catalog/product/2/3/230637-image1.jpg,5,52.86,Television and Entertainment,4K Ultra HD,55,4K UHD
2026-02-02,2026-02-02 10:51:36,television,243475,LLOYD,68990,174900,Available,https://www.vijaysales.com/p/243475/llyod-165cm-65-inch-4k-ultra-hd-mini-led-smart-webos-tv-4k-upscaling-hdr-10-2-1-channel-inbuilt-woofer-screen-sharing-gl65u4i2xa,https://vsprod.vijaysales.com/media/catalog/product/2/4/243475_1_.jpg,5,60.55,Television and Entertainment,4K Ultra HD,65,4K UHD
2026-02-02,2026-02-02 10:51:36,television,242132,Sony,51990,72900,Available,https://www.vijaysales.com/p/P242131/242132/sony-bravia-2m2-series-126-cm-50-inch-4k-ultra-hd-led-google-tv-4k-processor-x1-hdr10-hlg-dolbytm-atmos-allm-chromecast-built-in-k-50s22bm2,https://vsprod.vijaysales.com/media/catalog/product/2/4/242132_1.jpg,4,28.68,Television and Entertainment,4K Ultra HD,50,4K UHD
2026-02-02,2026-02-02 10:51:36,television,241331,Sony,122990,183900,Available,https://www.vijaysales.com/p/P241331/241331/sony-139-cm-55-inches-4k-ultra-hd-mini-led-smart-google-tv-with-hdr10-dolby-vision-hlg-dolby-audio-dolby-atmos-k-55xr55a,https://vsprod.vijaysales.com/media/catalog/product/2/4/241331_3__1.jpg,4,33.12,Television and Entertainment,4K Ultra HD,55,4K UHD
2026-02-02,2026-02-02 10:51:36,television,240797,Sony,56690,72900,Available,https://www.vijaysales.com/p/240797/sony-126-cm-50-inches-4k-ultra-hd-led-smart-google-tv-with-hdr10-hlg-dolby-audio-dolby-atmos-k-50s22m2,https://vsprod.vijaysales.com/media/catalog/product/2/4/240797_1_.jpg,4,22.24,Television and Entertainment,4K Ultra HD,50,4K UHD
2026-02-02,2026-02-02 10:51:36,television,228741,LG,49490,71990,Unavailable,https://www.vijaysales.com/p/228741/lg-139-cm-55-inches-4k-ultra-hd-led-smart-tv-with-webos-ai-thinq-ai-sound-and-hgig-mode-55uq7500psf-ceramic-black,https://vsprod.vijaysales.com/media/catalog/product/2/2/228741-image1_1.jpg,5,31.25,Television and Entertainment,4K Ultra HD,55,4K UHD
2026-02-02,2026-02-02 10:51:36,television,245019,Vise,13490,34000,Available,https://www.vijaysales.com/p/245019/vise-by-vijay-sales-32-inches-80-cm-hd-led-google-smart-tv-hdr10-google-assistant-built-in-chromecast-dolby-audio-vs32hga8b,https://vsprod.vijaysales.com/media/catalog/product/2/4/245019.jpg,5,60.32,Television and Entertainment,HD,32,4K UHD
2026-02-02,2026-02-02 10:51:36,television,239861,LLOYD,19990,45900,Unavailable,https://www.vijaysales.com/p/239861/llyod-108cm-43-inch-4k-ultra-hd-led-smart-webos-tv-a-grade-panel-hdr-immersive-sound-screen-sharing-gl43u4d2ef,https://vsprod.vijaysales.com/media/catalog/product/2/3/239861_1_1.jpg,5,56.45,Television and Entertainment,4K Ultra HD,43,4K UHD
2026-02-02,2026-02-02 10:51:36,television,239487,TCL,109990,269990,Available,https://www.vijaysales.com/p/P239484/239487/tcl-c6k-series-189cm-75-inch-4k-ultra-hd-mini-led-google-tv-onkyo-2-1-hi-fi-system-dolby-vision-iq-hdr-10-hlg-dolby-atmos-ultra-slim-design-75c6k,https://vsprod.vijaysales.com/media/catalog/product/2/3/239487_1.jpg,5,59.26,Television and Entertainment,4K Ultra HD,75,4K UHD
2026-02-02,2026-02-02 10:51:36,television,242273,Panasonic,45990,65990,Unavailable,https://www.vijaysales.com/p/P242271/242273/panasonic-139cm-55-inch-4k-ultra-hd-led-tv-hexa-chroma-drive-hdr-10-google-tv-google-assistant-dolby-digital-home-theatre-built-in-game-mode-chromecast-th-55px740dx,https://vsprod.vijaysales.com/media/catalog/product/2/4/242271_1__1.jpg,5,30.31,Television and Entertainment,4K Ultra HD,55,4K UHD
2026-02-02,2026-02-02 10:51:36,television,226902,Sansui,18990,31490,Unavailable,https://www.vijaysales.com/p/226902/sansui-108-cm-40-inches-full-hd-smart-google-tv-with-dolby-audio-google-assistant-chromecast-hdr10-hlg-jsw40gsfhd,https://vsprod.vijaysales.com/media/catalog/product/2/2/226902-image1.jpg,5,39.7,Television and Entertainment,Full HD,40,Full HD
2026-02-02,2026-02-02 10:51:36,television,244113,Sansui,99990,249990,Available,https://www.vijaysales.com/p/P244112/244113/sansui-189cm-75-inch-4k-ultra-hd-quantum-dot-mini-led-google-tv-hdr10-hlg-dolby-vision-memc-dolby-atmos-screen-sharing-google-assistant-far-field-voice-jsw75ugmqf,https://vsprod.vijaysales.com/media/catalog/product/2/4/244113_1_.jpg,4,60.0,Television and Entertainment,4K Ultra HD,75,4K UHD
2026-02-02,2026-02-02 10:51:36,television,219283,Sony,90000,155900,Unavailable,https://www.vijaysales.com/p/P219283/219283/sony-139-cm-55-inches-x90l-4k-ultra-hd-android-lcd-tv-with-hdr-chromecast-built-in-google-tv-xr55x90l-2023-model-edition,https://vsprod.vijaysales.com/media/catalog/product/2/1/219283-image1_1.jpg,4,42.27,Television and Entertainment,4K Ultra HD,55,4K UHD
2026-02-02,2026-02-02 10:51:36,television,240953,LG,164990,247090,Available,https://www.vijaysales.com/p/P240953/240953/lg-oled-evo-139cm-55-inch-4k-ultra-hd-ai-tv-webos-25-a11-ai-processor-4k-gen2-oled-motion-dolby-vision-g-sync-nvidia-ai-chatbot-google-cast-dolby-atmos-oled55g56la-2025,https://vsprod.vijaysales.com/media/catalog/product/2/4/240953_1.jpg,5,33.23,Television and Entertainment,4K Ultra HD,55,4K UHD
2026-02-02,2026-02-02 10:51:36,television,246523,Vise,33990,80000,Available,https://www.vijaysales.com/p/246523/vise-by-vijay-sales-55-inches-139-cm-4k-ultra-hd-led-google-tv-hdr10-memc-google-assistant-built-in-chromecast-dolby-audio-surround-sound-vs55uga8b,https://vsprod.vijaysales.com/media/catalog/product/f/r/front_copy.jpg,4,57.51,Television and Entertainment,4K Ultra HD,55,4K UHD
2026-02-02,2026-02-02 10:51:36,television,241367,Haier,39490,63990,Available,https://www.vijaysales.com/p/241367/haier-140-cm-55-inches-4k-ultra-hd-led-smart-google-tv-with-hdr10-dolby-audio-built-in-chromecast-voice-remote-h55k85fux,https://vsprod.vijaysales.com/media/catalog/product/2/4/241367_4_.jpg,5,38.29,Television and Entertainment,4K Ultra HD,55,4K UHD
2026-02-02,2026-02-02 10:51:36,television,245574,Vise,26990,64500,Available,https://www.vijaysales.com/p/245574/vise-by-vijay-sales-43-inches-109-cm-4k-ultra-hd-qled-smart-webos-tv-hdr10-hlg-memc-dolby-digital-lg-thinq-ai-vs43qwa2d,https://vsprod.vijaysales.com/media/catalog/product/2/4/245574n.jpg,5,58.16,Television and Entertainment,4K Ultra HD,43,4K UHD
2026-02-02,2026-02-02 10:51:36,television,236984,LG,17490,28490,Unavailable,https://www.vijaysales.com/p/236984/lg-80-cm-32-inch-hd-webos-smart-led-tv-a5-ai-processor-gen6-hdr10-hlg-2-0-channel-32lr686b6la,https://vsprod.vijaysales.com/media/catalog/product/2/3/236984_1_.jpg,4,38.61,Television and Entertainment,HD,32,4K UHD
2026-02-02,2026-02-02 10:51:36,television,231718,Sony,35900,59900,Unavailable,https://www.vijaysales.com/p/231718/sony-bravia-2-43-inches-108-cm-4k-ultra-hd-smart-led-google-tv-with-dolby-audio-google-assistant-built-in-voice-search-k-43s20b-black,https://vsprod.vijaysales.com/media/catalog/product/2/3/231718-image.jpg,5,40.07,Television and Entertainment,4K Ultra HD,43,4K UHD
2026-02-02,2026-02-02 10:51:36,television,245565,LG,31490,54390,Available,https://www.vijaysales.com/p/245565/lg-108-cm-43-inch-4k-ultra-hd-led-smart-tv-webos-smart-platform-a5-ai-processor-4k-gen7-active-hdr-ai-sound-thinq-ai-magic-remote-ready-60hz-refresh-rate-ua7350,https://vsprod.vijaysales.com/media/catalog/product/2/4/245565_1_.jpg,4,42.1,Television and Entertainment,4K Ultra HD,43,4K UHD
2026-02-02,2026-02-02 10:51:36,television,239481,TCL,24990,48590,Available,https://www.vijaysales.com/p/P239481/239481/tcl-p6k-series-108-cm-43-inch-4k-ultra-hd-led-google-tv-hdr-10-google-assistant-built-in-dolby-audio-43p6k,https://vsprod.vijaysales.com/media/catalog/product/2/3/239481_1.jpg,4,48.57,Television and Entertainment,4K Ultra HD,43,4K UHD
2026-02-02,2026-02-02 10:51:36,television,243619,TCL,32990,58490,Available,https://www.vijaysales.com/p/243619/tcl-126-cm-50-inches-4k-ultra-hd-led-smart-google-tv-with-hdr10-dolby-vision-aipq-processor-hva-panel-voice-remote-50v6c,https://vsprod.vijaysales.com/media/catalog/product/2/4/243619_18_.jpg,5,43.6,Television and Entertainment,4K Ultra HD,50,4K UHD
2026-02-02,2026-02-02 10:51:36,television,242108,Sony,156090,229900,Available,https://www.vijaysales.com/p/P241331/242108/sony-165-cm-65-inches-4k-ultra-hd-mini-led-smart-google-tv-with-hdr10-dolby-vision-hlg-dolby-audio-dolby-atmos-k-65xr55a,https://vsprod.vijaysales.com/media/catalog/product/2/4/242108_1__1.jpg,5,32.11,Television and Entertainment,4K Ultra HD,65,4K UHD
2026-02-02,2026-02-02 10:51:36,television,219284,Sony,117600,211900,Unavailable,https://www.vijaysales.com/p/P219283/219284/sony-164-cm-65-inches-x90l-4k-ultra-hd-android-lcd-tv-with-hdr-chromecast-built-in-google-tv-xr65x90l-2023-model-edition,https://vsprod.vijaysales.com/media/catalog/product/2/1/219284-image1_1.jpg,4,44.5,Television and Entertainment,4K Ultra HD,65,4K UHD
2026-02-02,2026-02-02 10:51:36,television,245015,Xiaomi,39999,62999,Available,https://www.vijaysales.com/p/P245014/245015/xiaomi-x-pro-qled-series-138cm-55-inch-4k-ultra-hd-google-tv-dolby-vision-hdr-10-filmmaker-mode-xiaomi-sound-32gb-storage-google-cast-google-voice-assistant-l55mb-apin-2025,https://vsprod.vijaysales.com/media/catalog/product/2/4/245015_24_.jpg,5,36.51,Television and Entertainment,4K Ultra HD,55,4K UHD
2026-02-02,2026-02-02 10:51:36,television,242429,Sansui,13490,22490,Unavailable,https://www.vijaysales.com/p/242429/sansui-80-cm-32-inch-qled-smart-google-tv-hdr10-hlg-noise-reduction-built-in-sound-bar-dolby-audio-google-assistant-jss32gshd,https://vsprod.vijaysales.com/media/catalog/product/2/4/242429n_1_.jpg,4,40.02,Television and Entertainment,HD Ready,32,QLED
2026-02-02,2026-02-02 10:51:36,television,240938,LG,139990,239690,Available,https://www.vijaysales.com/p/P240939/240938/lg-189cm-75-inch-4k-qned-miniled-tv-webos-25-a8-ai-processor-4k-gen2-dolby-vision-filmmaker-mode-dolby-atmos-hgig-allm-ai-sound-freesync-amd-google-cast-75qned8xa6a-2025,https://vsprod.vijaysales.com/media/catalog/product/2/4/240938_1_1.jpg,5,41.6,Television and Entertainment,4K Ultra HD,75,4K UHD
2026-02-02,2026-02-02 10:51:36,television,245017,Xiaomi,34999,48999,Available,https://www.vijaysales.com/p/P245016/245017/xiaomi-x-series-138cm-55-inch-4k-ultra-hd-google-tv-dolby-vision-hdr-10-filmmaker-mode-dolby-audio-8gb-storage-google-cast-miracast-google-voice-assistant-l55mb-ain-2025,https://vsprod.vijaysales.com/media/catalog/product/2/4/245017_1_.jpg,5,28.57,Television and Entertainment,4K Ultra HD,55,4K UHD
2026-02-02,2026-02-02 10:51:36,television,230636,Haier,28990,64990,Unavailable,https://www.vijaysales.com/p/P230636/230636/haier-50-inch-127-cm-4k-uhd-led-smart-google-tv-with-bezel-less-design-google-assistant-m50ug,https://vsprod.vijaysales.com/media/catalog/product/2/3/230636-image1.jpg,4,55.39,Television and Entertainment,4K Ultra HD,50,4K UHD
2026-02-02,2026-02-02 10:51:36,television,231070,LLOYD,25990,46500,Available,https://www.vijaysales.com/p/231070/lloyd-109cm-43-inches-qled-smart-webos-led-tv-43qs850e,https://vsprod.vijaysales.com/media/catalog/product/2/3/231070-image.jpg,5,44.11,Television and Entertainment,Ultra HD,43,QLED
2026-02-02,2026-02-02 10:51:36,television,245030,LLOYD,74990,183900,Available,https://www.vijaysales.com/p/245030/llyod-189cm-75-inch-4k-ultra-hd-qled-smart-webos-tv-4k-upscaling-hdr-10-dolby-atmos-ai-quad-core-processor-screen-sharing-gl75u5f3io,https://vsprod.vijaysales.com/media/catalog/product/2/4/245030_1_.jpg,5,59.22,Television and Entertainment,4K Ultra HD,75,4K UHD
2026-02-02,2026-02-02 10:51:36,television,244764,Panasonic,48990,67990,Unavailable,https://www.vijaysales.com/p/244764/panasonic-139cm-55-inch-4k-ultra-hd-led-tv-hexa-chroma-drive-hdr-10-google-tv-google-assistant-dolby-atmos-home-theatre-built-in-game-mode-chromecast-th-55px750dx,https://vsprod.vijaysales.com/media/catalog/product/2/4/244764_1_.jpg,4,27.95,Television and Entertainment,4K Ultra HD,55,4K UHD
2026-02-02,2026-02-02 10:51:36,television,244114,Sansui,149990,284990,Unavailable,https://www.vijaysales.com/p/P244112/244114/sansui-218cm-86-inch-4k-ultra-hd-quantum-dot-mini-led-google-tv-hdr10-hlg-dolby-vision-memc-dolby-atmos-screen-sharing-google-assistant-far-field-voice-jsw86ugmqf,https://vsprod.vijaysales.com/media/catalog/product/2/4/244114_1_.jpg,5,47.37,Television and Entertainment,4K Ultra HD,86,4K UHD
2026-02-02,2026-02-02 10:51:36,television,243622,TCL,71990,179990,Available,https://www.vijaysales.com/p/243622/tcl-189-cm-75-inches-4k-ultra-hd-led-smart-google-tv-with-hdr10-dolby-vision-aipq-processor-hva-panel-voice-remote-75v6c,https://vsprod.vijaysales.com/media/catalog/product/2/4/243622_9_.jpg,5,60.0,Television and Entertainment,4K Ultra HD,75,4K UHD
2026-02-02,2026-02-02 10:51:36,television,243621,TCL,51990,112490,Available,https://www.vijaysales.com/p/243621/tcl-164-cm-65-inches-4k-ultra-hd-led-smart-google-tv-with-hdr10-dolby-vision-aipq-processor-hva-panel-voice-remote-65v6c,https://vsprod.vijaysales.com/media/catalog/product/2/4/243621_3_.jpg,4,53.78,Television and Entertainment,4K Ultra HD,65,4K UHD
2026-02-02,2026-02-02 10:51:36,television,243605,Vise,25690,55300,Available,https://www.vijaysales.com/p/243605/vise-by-vijay-sales-109cm-43-inch-4k-ultra-hd-led-smart-google-tv-hdr10-hlg-dolby-audio-bezel-less-design-vs43uga8b,https://vsprod.vijaysales.com/media/catalog/product/2/4/243605_1_.jpg,5,53.54,Television and Entertainment,4K Ultra HD,43,4K UHD
2026-02-02,2026-02-02 10:51:36,television,243604,Vise,11990,40000,Available,https://www.vijaysales.com/p/243604/vise-by-vijay-sales-80-cm-32-inches-hd-smart-qled-tv-google-tv-hdr-10-dolby-audio-built-in-wi-fi-google-assistant-vs32qga8a,https://vsprod.vijaysales.com/media/catalog/product/2/4/243604_1_.jpg,5,70.03,Television and Entertainment,HD,32,QLED
2026-02-02,2026-02-02 10:51:36,television,243547,Sony,60100,78900,Available,https://www.vijaysales.com/p/243547/sony-bravia-2-126-cm-50-inch-4k-ultra-hd-led-google-tv-4k-processor-x1-hdr10-hlg-dolbytm-atmos-chromecast-built-in-k-50s25m2,https://vsprod.vijaysales.com/media/catalog/product/2/4/243547_1_.jpg,5,23.83,Television and Entertainment,4K Ultra HD,50,4K UHD
2026-02-02,2026-02-02 10:51:36,television,243282,Sony,531990,828900,Unavailable,https://www.vijaysales.com/p/P241331/243282/sony-248-cm-98-inches-4k-ultra-hd-mini-led-smart-google-tv-with-hdr10-dolby-vision-hlg-dolby-audio-dolby-atmos-k98xr55a,https://vsprod.vijaysales.com/media/catalog/product/2/4/243282_1_.jpg,5,35.82,Television and Entertainment,4K Ultra HD,98,4K UHD
2026-02-02,2026-02-02 10:51:36,television,242274,Panasonic,66490,90990,Available,https://www.vijaysales.com/p/P242271/242274/panasonic-164cm-65-inch-4k-ultra-hd-led-tv-hexa-chroma-drive-hdr-10-google-tv-google-assistant-home-theatre-built-in-game-mode-chromecast-th-65px740dx,https://vsprod.vijaysales.com/media/catalog/product/2/4/242274_1_.jpg,5,26.93,Television and Entertainment,4K Ultra HD,65,4K UHD
2026-02-02,2026-02-02 10:51:36,television,242272,Panasonic,36490,54290,Unavailable,https://www.vijaysales.com/p/242272/panasonic-108cm-43-inch-4k-ultra-hd-led-tv-hexa-chroma-drive-hdr-10-google-tv-google-assistant-dolby-atmos-home-theatre-built-in-game-mode-chromecast-th-43px750dx,https://vsprod.vijaysales.com/media/catalog/product/2/4/242272_1_.jpg,4,32.79,Television and Entertainment,4K Ultra HD,43,4K UHD
2026-02-02,2026-02-02 10:51:36,television,242271,Panasonic,32990,45990,Unavailable,https://www.vijaysales.com/p/P242271/242271/panasonic-108cm-43-inch-4k-ultra-hd-led-tv-hexa-chroma-drive-hdr-10-google-tv-google-assistant-dolby-digital-home-theatre-built-in-game-mode-chromecast-th-43px740dx,https://vsprod.vijaysales.com/media/catalog/product/2/4/242271_1_.jpg,5,28.27,Television and Entertainment,4K Ultra HD,43,4K UHD
2026-02-02,2026-02-02 10:51:36,television,242270,Panasonic,18990,28990,Available,https://www.vijaysales.com/p/242270/panasonic-80cm-32-inch-2k-hdr-led-smart-tv-vivid-digital-pro-wide-viewing-angle-google-tv-google-assistant-home-theatre-built-in-dolby-digital-chromecast-th-32ps680dx,https://vsprod.vijaysales.com/media/catalog/product/2/4/242270_1_.jpg,4,34.49,Television and Entertainment,HD,32,4K UHD
2026-02-02,2026-02-02 10:51:36,television,242129,Vise,124990,216600,Unavailable,https://www.vijaysales.com/p/242129/vise-by-vijay-sales-85-inches-216-cm-4k-ultra-hd-led-google-tv-hdr10-hlg-dolby-vision-google-assistant-built-in-dolby-atmos-vs85uga8a,https://vsprod.vijaysales.com/media/catalog/product/2/4/242129n.jpg,4,42.29,Television and Entertainment,4K Ultra HD,85,4K UHD
2026-02-02,2026-02-02 10:51:36,television,241368,Haier,31990,50490,Available,https://www.vijaysales.com/p/241368/haier-108-cm-43-inches-qled-4k-ultra-hd-smart-google-tv-with-hdr10-dolby-audio-built-in-chromecast-voice-remote-h43s80fux,https://vsprod.vijaysales.com/media/catalog/product/2/4/241368_4_.jpg,5,36.64,Television and Entertainment,4K Ultra HD,43,4K UHD
2026-02-02,2026-02-02 10:51:36,television,241120,Sony,208990,367900,Available,https://www.vijaysales.com/p/P241120/241120/sony-bravia-xr80m2-series-139cm-55-inch-4k-ultra-hd-oled-tv-google-tv-xr-processor-dolby-vision-dts-hd-high-resolution-audio-built-in-mic-google-play-store-k-55xr80m2-2025,https://vsprod.vijaysales.com/media/catalog/product/2/4/241120_3_.jpg,4,43.19,Television and Entertainment,4K Ultra HD,55,4K UHD
2026-02-02,2026-02-02 10:51:36,television,240869,Vise,14490,44000,Available,https://www.vijaysales.com/p/240869/vise-by-vijay-sales-80-cm-32-inches-hd-smart-qled-tv-webos-2-0s-dolby-audio-built-in-wi-fi-thinq-ai-vs32qwa2c,https://vsprod.vijaysales.com/media/catalog/product/w/h/whatsapp_image_2025-07-07_at_1.13.41_pm.jpeg,4,67.07,Television and Entertainment,HD,32,QLED
2026-02-02,2026-02-02 10:51:36,television,240055,Sony,81450,128900,Available,https://www.vijaysales.com/p/240055/sony-bravia-2m2-series-164-cm-65-inch-4k-ultra-hd-led-google-tv-4k-processor-x1-hdr10-hlg-dolbytm-atmos-chromecast-built-in-k-65s25m2,https://vsprod.vijaysales.com/media/catalog/product/2/4/240055_1.jpg,4,36.81,Television and Entertainment,4K Ultra HD,65,4K UHD
2026-02-02,2026-02-02 10:51:36,television,240054,Sony,120590,220900,Available,https://www.vijaysales.com/p/240054/sony-190-cm-75-inches-4k-ultra-hd-led-smart-google-tv-with-hdr10-hlg-dolby-audio-dolby-atmos-k-75s25m2,https://vsprod.vijaysales.com/media/catalog/product/2/4/240054_14__1.jpg,4,45.41,Television and Entertainment,4K Ultra HD,75,4K UHD
2026-02-02,2026-02-02 10:51:36,television,239976,Vise,13990,34000,Unavailable,https://www.vijaysales.com/p/239976/vise-by-vijay-sales-80-cm-32-inch-hd-smart-led-google-tv-hdr10-dolby-audio-google-assistant-built-in-vs32hga8a,https://vsprod.vijaysales.com/media/catalog/product/w/h/whatsapp_image_2025-07-07_at_1.13.29_pm.jpeg,4,58.85,Television and Entertainment,HD,32,4K UHD
2026-02-02,2026-02-02 10:51:36,television,239488,TCL,129990,395990,Available,https://www.vijaysales.com/p/P239483/239488/tcl-p8k-series-206cm-85-inch-4k-ultra-hd-qled-google-tv-onkyo-2-1-hi-fi-system-dolby-vision-hdr10-hlg-dolby-atmos-85p8k,https://vsprod.vijaysales.com/media/catalog/product/2/3/239488_1.jpg,5,67.17,Television and Entertainment,4K Ultra HD,85,8K
2026-02-02,2026-02-02 10:51:36,television,239486,TCL,65990,180890,Available,https://www.vijaysales.com/p/P239481/239486/tcl-p6k-series-185cm-75-inch-4k-ultra-hd-led-google-tv-aipq-processor-hdr10-hlg-memc-2-0-channel-metallic-bezel-less-75p6k,https://vsprod.vijaysales.com/media/catalog/product/2/3/239486_1.jpg,5,63.52,Television and Entertainment,4K Ultra HD,75,4K UHD
2026-02-02,2026-02-02 10:51:36,television,239250,TCL,14490,23990,Available,https://www.vijaysales.com/p/P239250/239250/tcl-80cm-32-inch-fhd-smart-google-qled-tv-google-cast-hdr-10-dolby-audio-32s5k,https://vsprod.vijaysales.com/media/catalog/product/2/3/239250_1_.jpg,4,39.6,Television and Entertainment,Full HD,32,Full HD
2026-02-02,2026-02-02 10:51:36,television,238455,Vise,47990,101400,Available,https://www.vijaysales.com/p/P235075/238455/vise-by-vijay-sales-165cm-65-inch-4k-ultra-hd-led-smart-google-tv-dolby-vision-hdr10-dolby-atmos-google-assistant-vs65uga8a,https://vsprod.vijaysales.com/media/catalog/product/v/i/vise_4k_uhd_led_vs65uga8a_front_.jpg,4,52.67,Television and Entertainment,4K Ultra HD,65,4K UHD
2026-02-02,2026-02-02 10:51:36,television,234913,Sansui,29990,49490,Unavailable,https://www.vijaysales.com/p/P234913/234913/sansui-127-cm-50-inches-4k-ultra-hd-qled-smart-tv-60hz-refresh-rate-hdr10-dolby-vision-jsw50gsqled-black,https://vsprod.vijaysales.com/media/catalog/product/2/3/234913_1_.jpg,5,39.4,Television and Entertainment,4K Ultra HD,50,4K UHD
2026-02-02,2026-02-02 10:51:36,television,234786,Sansui,114990,211390,Available,https://www.vijaysales.com/p/P220339/234786/sansui-216cm-85-inches-4k-uhd-smart-led-tv-jsw85gsuhdff,https://vsprod.vijaysales.com/media/catalog/product/2/3/234786_1_.jpg,4,45.6,Television and Entertainment,4K Ultra HD,85,4K UHD
2026-02-02,2026-02-02 10:51:36,television,231719,Sony,48790,79900,Unavailable,https://www.vijaysales.com/p/231719/sony-bravia-2-50-inches-126-cm-4k-ultra-hd-smart-led-google-tv-with-dolby-audio-google-assistant-built-in-voice-search-k-50s20b-black,https://vsprod.vijaysales.com/media/catalog/product/2/3/231719-image.jpg,4,38.94,Television and Entertainment,4K Ultra HD,50,4K UHD
2026-02-02,2026-02-02 10:51:36,television,231717,Sony,26990,34900,Unavailable,https://www.vijaysales.com/p/231717/sony-80-cm-32-inches-led-2k-hdr-smart-google-tv-with-dolby-audio-x-reality-pro-kd-32w825-black,https://vsprod.vijaysales.com/media/catalog/product/2/3/231717-image.jpg,4,22.66,Television and Entertainment,HD Ready,32,HD Ready
2026-02-02,2026-02-02 10:51:36,television,231496,Vise,48850,110600,Unavailable,https://www.vijaysales.com/p/231496/vise-165-cm-65-inches-hdr-smart-led-tv-with-dolby-vision-built-in-wi-fi-vs65qga8a,https://vsprod.vijaysales.com/media/catalog/product/2/3/231496-image.jpg,5,55.83,Television and Entertainment,Ultra HD,65,4K UHD
2026-02-02,2026-02-02 10:51:36,television,231411,Sony,70610,105900,Available,https://www.vijaysales.com/p/P237494/231411/sony-bravia-iii-50-inches-126cm-4k-ultra-hd-smart-led-google-tv-with-dolby-audio-google-assistant-built-in-voice-search-k-50s30-black,https://vsprod.vijaysales.com/media/catalog/product/2/3/231411-image.jpg,5,33.32,Television and Entertainment,4K Ultra HD,50,4K UHD
2026-02-02,2026-02-02 10:51:36,television,230999,Sony,282990,413900,Available,https://www.vijaysales.com/p/P230873/230999/sony-bravia-7-189-cm-75-inches-mini-led-qled-google-tv-with-dolby-vision-hdr-chromecast-built-in-k75xr70-2024-model-edition,https://vsprod.vijaysales.com/media/catalog/product/2/3/230999-image_13.jpg,4,31.63,Television and Entertainment,Ultra HD,75,4K UHD
2026-02-02,2026-02-02 10:51:36,television,230919,Sony,51400,78900,Unavailable,https://www.vijaysales.com/p/230919/sony-ultra-hd-4k-tv-49-5-inch-126-cm-with-dolby-audio-auto-genre-picture-mode-k50s25-black,https://vsprod.vijaysales.com/media/catalog/product/2/3/230919-image.jpg,4,34.85,Television and Entertainment,4K Ultra HD,50,4K UHD
2026-02-02,2026-02-02 10:51:36,television,230874,Sony,190990,275900,Available,https://www.vijaysales.com/p/P230873/230874/sony-bravia-7-164-cm-65-inches-mini-led-qled-4k-hdr-google-tv-with-dolby-vision-hdr-features-for-playstation-5-k65xr70-2024-model-edition,https://vsprod.vijaysales.com/media/catalog/product/2/3/230874-image1.jpg,4,30.78,Television and Entertainment,4K Ultra HD,65,4K UHD
2026-02-02,2026-02-02 10:51:36,television,230639,Haier,44290,90990,Unavailable,https://www.vijaysales.com/p/P230638/230639/haier-55-inch-140-cm-4k-uhd-qled-smart-google-tv-with-bezel-less-design-dolby-atmos-google-assistant-55q6,https://vsprod.vijaysales.com/media/catalog/product/2/3/230639-image1.jpg,5,51.32,Television and Entertainment,4K Ultra HD,55,4K UHD
2026-02-02,2026-02-02 10:51:36,television,230638,Haier,30390,63990,Unavailable,https://www.vijaysales.com/p/P230638/230638/haier-43-inch-108-cm-4k-uhd-qled-smart-google-tv-with-bezel-less-design-dolby-atmos-google-assistant-43q6,https://vsprod.vijaysales.com/media/catalog/product/2/3/230638-image1.jpg,4,52.51,Television and Entertainment,4K Ultra HD,43,4K UHD
2026-02-02,2026-02-02 10:51:36,television,230635,Haier,24990,33490,Available,https://www.vijaysales.com/p/230635/haier-108-cm-43-inch-4k-uhd-led-smart-google-tv-with-bezel-less-design-google-assistant-le43a900ug,https://vsprod.vijaysales.com/media/catalog/product/2/3/230635-image1.jpg,4,25.38,Television and Entertainment,4K Ultra HD,43,4K UHD
2026-02-02,2026-02-02 10:51:36,television,230634,Haier,13990,21700,Unavailable,https://www.vijaysales.com/p/230634/haier-80-cm-32-inch-hd-ready-led-smart-google-tv-with-bezel-less-design-google-assistant-le32a9000g,https://vsprod.vijaysales.com/media/catalog/product/2/3/230634-image1.jpg,5,35.53,Television and Entertainment,HD Ready,32,HD Ready
2026-02-02,2026-02-02 10:51:36,television,230631,Sansui,72490,152890,Unavailable,https://www.vijaysales.com/p/P234913/230631/sansui-75-inch-190-cm-4k-ultra-hd-qled-smart-google-tv-dolby-vision-atmos-google-assistant-zen-panel-2-years-panel-warranty-jsw75gsqled,https://vsprod.vijaysales.com/media/catalog/product/2/3/230631-image.jpg,4,52.59,Television and Entertainment,4K Ultra HD,75,4K UHD
2026-02-02,2026-02-02 10:51:36,television,224712,Haier,64990,120490,Available,https://www.vijaysales.com/p/224712/haier-165-cm-65-inches-qled-4k-ultra-hd-smart-google-tv-with-dolby-vision-hdr10-dolby-atmos-built-in-chromecast-voice-remote-65s800qt-p,https://vsprod.vijaysales.com/media/catalog/product/2/2/224712_5_.jpg,4,46.06,Television and Entertainment,4K Ultra HD,65,4K UHD
2026-02-02,2026-02-02 10:51:36,television,224187,Sansui,254990,449890,Available,https://www.vijaysales.com/p/224187/sansui-254-cm-100-inches-4k-ultra-hd-qled-smart-google-tv-with-dolby-atmos-dolby-vision-hdr10-game-mode-jsw100gsqledff,https://vsprod.vijaysales.com/media/catalog/product/2/2/224187-image1.jpg,5,43.32,Television and Entertainment,4K Ultra HD,0,4K UHD
2026-02-02,2026-02-02 10:51:36,television,223128,Sansui,44490,63890,Available,https://www.vijaysales.com/p/223128/sansui-165cm-65-inch-4k-ultra-hd-led-google-tv-hdr10-hlg-dolby-vision-4k-upscaling-dolby-atmos-screen-sharing-google-assistant-far-field-voice-control-jsw65gsuhdff,https://vsprod.vijaysales.com/media/catalog/product/j/s/jsw65gsuhdff_1.jpg,4,30.36,Television and Entertainment,4K Ultra HD,65,4K UHD
2026-02-02,2026-02-02 10:51:36,television,220339,Sansui,47990,87190,Unavailable,https://www.vijaysales.com/p/P220339/220339/sansui-4k-uhd-led-70-inch-177cm-with-arm-ca53-processor-google-tv-operating-system-dolby-atmos-sound-technology-black-jsw70gsuhdff,https://vsprod.vijaysales.com/media/catalog/product/2/2/220339-image1_2.jpg,4,44.96,Television and Entertainment,4K Ultra HD,70,4K UHD
2026-02-02,2026-02-02 10:51:36,television,219014,Panasonic,46990,66990,Unavailable,https://www.vijaysales.com/p/219014/panasonic-139-cm-55-inches-4k-ultra-hd-smart-android-led-tv-with-dolby-audio-google-assistant-alexa-google-tv-th-55mx740dx,https://vsprod.vijaysales.com/media/catalog/product/2/1/219014-image1_1.jpg,4,29.86,Television and Entertainment,4K Ultra HD,55,4K UHD
2026-02-02,2026-02-02 10:51:36,television,206979,Sansui,34990,53990,Unavailable,https://www.vijaysales.com/p/P234913/206979/sansui-ultra-hd-4k-smart-qled-55-inch-140cm-jsw55gsqled-2022-model-edition,https://vsprod.vijaysales.com/media/catalog/product/2/0/206979.jpg,4,35.19,Television and Entertainment,4K Ultra HD,55,4K UHD
2026-02-02,2026-02-02 10:51:36,television,243937,LLOYD,23490,45900,Available,https://www.vijaysales.com/p/243937/llyod-108cm-43-inch-4k-ultra-hd-led-smart-webos-tv-a-grade-panel-hdr-immersive-sound-screen-sharing-gl43u5g2ef,https://vsprod.vijaysales.com/media/catalog/product/2/3/239861_1_1_1.jpg,4,48.82,Television and Entertainment,4K Ultra HD,43,4K UHD
2026-02-02,2026-02-02 10:51:36,television,243476,LLOYD,50990,147900,Available,https://www.vijaysales.com/p/243476/llyod-139cm-55-inch-4k-ultra-hd-mini-led-smart-webos-tv-4k-upscaling-hdr-10-2-1-channel-inbuilt-woofer-screen-sharing-gl55u4p2xa,https://vsprod.vijaysales.com/media/catalog/product/2/4/243476_1_.jpg,4,65.52,Television and Entertainment,4K Ultra HD,55,4K UHD
2026-02-02,2026-02-02 10:51:36,television,242428,LG,134990,239990,Available,https://www.vijaysales.com/p/242428/lg-qned-8ca-189cm-75-inch-4k-ultra-hd-smart-tv-webos-25-a7-ai-processor-4k-gen8-hdr10-hlg-filmmaker-mode-ai-chatbot-hgig-dolby-atmos-google-cast-75qned8ca6a,https://vsprod.vijaysales.com/media/catalog/product/2/4/242428_2_.jpg,4,43.75,Television and Entertainment,4K Ultra HD,75,4K UHD
2026-02-02,2026-02-02 10:51:36,television,242427,LG,248990,399990,Unavailable,https://www.vijaysales.com/p/242427/lg-qned-8ca-217cm-86-inch-4k-ultra-hd-smart-tv-webos-25-a7-ai-processor-4k-gen8-hdr10-hlg-filmmaker-mode-ai-chatbot-hgig-dolby-atmos-google-cast-86qned8ca6a-2025,https://vsprod.vijaysales.com/media/catalog/product/2/4/242427_2_.jpg,5,37.75,Television and Entertainment,4K Ultra HD,86,4K UHD
2026-02-02,2026-02-02 10:51:36,television,242403,LLOYD,14490,24490,Available,https://www.vijaysales.com/p/242403/llyod-80cm-32-inch-hd-qled-smart-webos-tv-a-grade-panel-hdr-10-dolby-audio-screen-sharing-gl32h4a3bd,https://vsprod.vijaysales.com/media/catalog/product/2/4/242403_1_.jpg,4,40.83,Television and Entertainment,HD,32,QLED
2026-02-02,2026-02-02 10:51:36,television,242269,LG,38490,71990,Unavailable,https://www.vijaysales.com/p/P242268/242269/lg-139cm-55-inch-4k-ultra-hd-ai-tv-webos-23-a5-ai-processor-4k-gen6-with-ai-brightness-4k-upscaling-hdr10-hlg-allm-hgig-ai-sound-55ur75006lc-2025,https://vsprod.vijaysales.com/media/catalog/product/2/4/242269_1.jpg,4,46.53,Television and Entertainment,4K Ultra HD,55,4K UHD
2026-02-02,2026-02-02 10:51:36,television,242268,LG,28990,49990,Unavailable,https://www.vijaysales.com/p/P242268/242268/lg-108-cm-43-inch-4k-ultra-hd-ai-tv-webos-23-a5-ai-processor-4k-gen6-with-ai-brightness-4k-upscaling-hdr10-hlg-allm-hgig-ai-sound-43ur75006lc-2025,https://vsprod.vijaysales.com/media/catalog/product/2/4/242268_1.jpg,5,42.01,Television and Entertainment,4K Ultra HD,43,4K UHD
2026-02-02,2026-02-02 10:51:36,television,240949,LG,394990,543990,Available,https://www.vijaysales.com/p/240949/lg-oled-evo-c5-195cm-77-inch-4k-ultra-hd-ai-tv-webos-25-a9-ai-processor-4k-gen8-dolby-vision-filmmaker-mode-dolby-atmos-freesync-amd-g-sync-nvidia-a9-ai-sound-pro-google-cast-oled77c56la-2025,https://vsprod.vijaysales.com/media/catalog/product/2/4/240949_1_.jpg,4,27.39,Television and Entertainment,4K Ultra HD,77,4K UHD
2026-02-02,2026-02-02 10:51:36,television,240948,LG,181499,287590,Unavailable,https://www.vijaysales.com/p/P240947/240948/lg-oled-evo-164cm-65-inch-4k-ultra-hd-oled-tv-webos-25-a9-ai-processor-4k-gen8-oled-motion-dolby-vision-g-sync-nvidia-ai-chatbot-google-cast-dolby-atmos-oled65c5xla-2025,https://vsprod.vijaysales.com/media/catalog/product/2/4/240948_2_1__1.jpg,5,36.89,Television and Entertainment,4K Ultra HD,65,4K UHD
2026-02-02,2026-02-02 10:51:36,television,240932,LG,233140,368790,Available,https://www.vijaysales.com/p/240932/lg-nanocell-ai-nano85-217cm-86-inch-4k-ultra-hd-smart-tv-webos-25-a7-ai-processor-4k-gen8-hdr10-hlg-allm-hgig-intelligent-voice-recognition-google-cast-dolby-atmos-75nano85a6a-2025,https://vsprod.vijaysales.com/media/catalog/product/2/4/240932_1_1.jpg,5,36.78,Television and Entertainment,4K Ultra HD,86,4K UHD
2026-02-02,2026-02-02 10:51:36,television,240931,LG,96299,217590,Available,https://www.vijaysales.com/p/240931/lg-nanocell-ai-nano85-189cm-75-inch-4k-ultra-hd-smart-tv-webos-25-a7-ai-processor-4k-gen8-hdr10-hlg-allm-hgig-intelligent-voice-recognition-google-cast-dolby-atmos-75nano85a6a-2025,https://vsprod.vijaysales.com/media/catalog/product/2/4/240932_1.jpg,5,55.74,Television and Entertainment,4K Ultra HD,75,4K UHD
2026-02-02,2026-02-02 10:51:36,television,240200,Samsung,92800,92900,Unavailable,https://www.vijaysales.com/p/240200/samsung-ue81a-series-163-cm-65-inch-crystal-4k-uhd-tizentm-smart-led-tv-4k-upscaling-filmmaker-mode-2ch-q-symphony-alexa-sound-mirroring-auto-game-mode-mobile-to-tv-ua65ue81af,https://vsprod.vijaysales.com/media/catalog/product/u/e/ue81a_series_7.jpg,4,0.11,Television and Entertainment,4K Ultra HD,65,4K UHD
2026-02-02,2026-02-02 10:51:36,television,240199,Samsung,59800,59900,Unavailable,https://www.vijaysales.com/p/240199/samsung-ue81a-series-138-cm-55-inch-crystal-4k-uhd-tizentm-smart-led-tv-4k-upscaling-filmmaker-mode-2ch-q-symphony-alexa-sound-mirroring-auto-game-mode-mobile-to-tv-ua55ue81af,https://vsprod.vijaysales.com/media/catalog/product/u/e/ue81a_series_6.jpg,4,0.17,Television and Entertainment,4K Ultra HD,55,4K UHD
2026-02-02,2026-02-02 10:51:36,television,240198,Samsung,54800,54900,Unavailable,https://www.vijaysales.com/p/240198/samsung-ue81a-series-125-cm-50-inch-crystal-4k-uhd-tizentm-smart-led-tv-4k-upscaling-filmmaker-mode-2ch-q-symphony-alexa-sound-mirroring-auto-game-mode-mobile-to-tv-ua50ue81af,https://vsprod.vijaysales.com/media/catalog/product/u/e/ue81a_series_1.jpg,4,0.18,Television and Entertainment,4K Ultra HD,50,4K UHD
2026-02-02,2026-02-02 10:51:36,television,240197,Samsung,42800,42900,Unavailable,https://www.vijaysales.com/p/240197/samsung-ue81a-series-108-cm-43-inch-crystal-4k-uhd-tizentm-smart-led-tv-4k-upscaling-motion-xcelerator-google-assistant-vrr-hgig-adaptive-sound-mobile-to-tv-ua43ue81af,https://vsprod.vijaysales.com/media/catalog/product/u/e/ue81a_series.jpg,4,0.23,Television and Entertainment,4K Ultra HD,43,4K UHD
2026-02-02,2026-02-02 10:51:36,television,240196,Samsung,29800,29900,Unavailable,https://www.vijaysales.com/p/240196/samsung-f5550-series-108-cm-43-inch-full-hd-tizentm-smart-led-tv-hyper-real-hdr-10-q-symphony-google-assistant-wireless-tv-on-ua43f5550f,https://vsprod.vijaysales.com/media/catalog/product/2/4/240196_1.jpg,4,0.33,Television and Entertainment,Full HD,43,Full HD
2026-02-02,2026-02-02 10:51:36,television,240195,Samsung,17800,17900,Unavailable,https://www.vijaysales.com/p/240195/samsung-h4550-series-80-cm-32-inch-hd-tizentm-smart-led-tv-hyper-real-hdr-10-adaptive-sound-google-assistant-mobile-to-tv-ua32h4550f,https://vsprod.vijaysales.com/media/catalog/product/2/4/240195_1.jfif.jpg,5,0.56,Television and Entertainment,HD,32,4K UHD
2026-02-02,2026-02-02 10:51:36,television,237493,LG,29900,54390,Unavailable,https://www.vijaysales.com/p/237493/lg-ut73506-108-cm-43-inch-4k-uhd-led-smart-tv-webos-24-thinq-al-hdr10-hlg-ai-sound-pro-2-0-channel-43ut73506la,https://vsprod.vijaysales.com/media/catalog/product/2/3/237493.jpg,4,45.03,Television and Entertainment,4K Ultra HD,43,4K UHD
2026-02-02,2026-02-02 10:51:36,television,235890,LLOYD,264990,829500,Available,https://www.vijaysales.com/p/235890/llyod-254cm-100-inch-4k-ultra-hd-qled-smart-webos-tv-4k-upscaling-hdr-10-dolby-atmos-multi-voice-assistant-screen-sharing-gl100u4s2tg,https://vsprod.vijaysales.com/media/catalog/product/2/3/235890_1_.jpg,5,68.05,Television and Entertainment,4K Ultra HD,0,4K UHD
2026-02-02,2026-02-02 10:51:36,television,231652,LLOYD,35990,61500,Unavailable,https://www.vijaysales.com/p/231652/llyod-139cm-55-inch-4k-ultra-hd-led-smart-webos-tv-4k-upscaling-hdr-immersive-sound-screen-sharing-gl55u4p2sf,https://vsprod.vijaysales.com/media/catalog/product/2/3/239861_1.jpg,4,41.48,Television and Entertainment,4K Ultra HD,55,4K UHD
2026-02-02,2026-02-02 10:51:36,television,231651,LLOYD,19990,45900,Unavailable,https://www.vijaysales.com/p/231651/lloyd-109cm-43-inches-smart-webos-led-tv-43us850f,https://vsprod.vijaysales.com/media/catalog/product/2/3/231651-image_1.jpg,5,56.45,Television and Entertainment,Ultra HD,43,4K UHD
2026-02-02,2026-02-02 10:51:36,television,231445,LLOYD,38490,61500,Unavailable,https://www.vijaysales.com/p/231445/lloyd-140cm-55-inches-qled-smart-webos-led-tv-55ps851f,https://vsprod.vijaysales.com/media/catalog/product/2/3/231445-image.jpg,4,37.41,Television and Entertainment,Ultra HD,55,QLED
2026-02-02,2026-02-02 10:51:36,television,230546,Samsung,499990,749900,Unavailable,https://www.vijaysales.com/p/230546/samsung-216-cm-85-inches-neo-4k-qled-smart-tv-with-nq4-ai-gen2-processor-motion-xcelerator-qa85qn90d,https://vsprod.vijaysales.com/media/catalog/product/2/3/230546-image1.jpg,4,33.33,Television and Entertainment,4K Ultra HD,85,4K UHD
2026-02-02,2026-02-02 10:51:36,television,230126,LG,44200,82890,Unavailable,https://www.vijaysales.com/p/230126/lg-ut80-series-139-cm-55-inches-4k-ultra-hd-smart-tv-with-webos-24-hdr10-pro-alpha-5-ai-processor-4k-gen7-magic-remote-55ut80506la,https://vsprod.vijaysales.com/media/catalog/product/2/3/230126-image1.jpg,4,46.68,Television and Entertainment,4K Ultra HD,55,4K UHD
2026-02-02,2026-02-02 10:51:36,television,228743,LG,32990,49990,Unavailable,https://www.vijaysales.com/p/228743/lg-108-cm-43-inches-4k-ultra-hd-led-smart-tv-with-webos-ai-thinq-ai-sound-and-hgig-mode-43uq7500psf-ceramic-black,https://vsprod.vijaysales.com/media/catalog/product/2/2/228743n_1_.jpg,5,34.01,Television and Entertainment,4K Ultra HD,43,4K UHD
2026-02-02,2026-02-02 10:51:36,television,218394,Samsung,449990,519900,Unavailable,https://www.vijaysales.com/p/218394/samsung-195-cm-77-inches-s90c-4k-oled-smart-tv-with-neural-quantum-processor-4k-dolby-atmos-qa77s90c-2023-model-edition,https://vsprod.vijaysales.com/media/catalog/product/2/1/218394-image1_1.jpg,5,13.45,Television and Entertainment,4K Ultra HD,77,4K UHD
2026-02-02,2026-02-02 10:51:36,television,217468,Samsung,96990,127900,Unavailable,https://www.vijaysales.com/p/217468/samsung-178-cm-70-inches-cu7700-crystal-4k-ultra-hd-smart-led-tv-with-crystal-processor-4k-3d-surround-sound-ua70cu7700-2023-model-edition,https://vsprod.vijaysales.com/media/catalog/product/2/1/217468-image1_2.jpg,4,24.17,Television and Entertainment,4K Ultra HD,70,4K UHD
2026-02-02,2026-02-02 10:51:36,television,217462,Samsung,72990,85900,Unavailable,https://www.vijaysales.com/p/217462/samsung-138-cm-55-inches-cu8570-crystal-4k-ultra-hd-smart-led-tv-with-dynamic-crystal-colour-built-in-alexa-ua55cu8570-2023-model-edition,https://vsprod.vijaysales.com/media/catalog/product/2/1/217462-image1_2.jpg,4,15.03,Television and Entertainment,4K Ultra HD,55,4K UHD
2026-02-02,2026-02-02 10:51:36,television,217459,Samsung,60790,83900,Unavailable,https://www.vijaysales.com/p/217459/samsung-125-cm-50-inches-q60c-4k-qled-smart-tv-with-quantum-hdr-technology-3d-surround-sound-qa50q60c-2023-model-edition,https://vsprod.vijaysales.com/media/catalog/product/2/1/217459-image1_2.jpg,5,27.54,Television and Entertainment,4K Ultra HD,50,4K UHD
2026-02-02,2026-02-02 10:51:36,television,202719,Samsung,1449000,2299000,Unavailable,https://www.vijaysales.com/p/202719/samsung-qn90a-neo-4k-tizen-qled-98-inch-247-cm-qa98qn90a-2022-model-edition,https://vsprod.vijaysales.com/media/catalog/product/2/0/202719-image1_2.jpg,5,36.97,Television and Entertainment,4K Ultra HD,98,4K UHD
2026-02-02,2026-02-02 10:51:36,television,172747,LG,17490,22490,Unavailable,https://www.vijaysales.com/p/172747/lg-32lm560bptc-32-80-cm-smart-led-tv,https://vsprod.vijaysales.com/media/catalog/product/1/7/172747-image1_3.jpg,5,22.23,Television and Entertainment,HD Ready,32,HD Ready
2026-02-02,2026-02-02 10:51:36,television,230134,LG,18690,28490,Unavailable,https://www.vijaysales.com/p/230134/lg-lr68-series-80-cm-32-inches-hd-smart-led-tv-with-webos-23-alexa-built-in-hdr10-pro-game-optimizer-thinq-32lr686bpsa,https://vsprod.vijaysales.com/media/catalog/product/2/3/230134-image1.jpg,5,34.4,Television and Entertainment,HD,32,4K UHD
2026-02-02,2026-02-02 10:51:36,television,236070,LG,12490,26990,Available,https://www.vijaysales.com/p/236070/lg-soundbar-for-tv-2-1-channel-300w-wow-interface-ai-sound-pro-dolby-digital-s40t,https://vsprod.vijaysales.com/media/catalog/product/2/3/236070_6_.jpeg,5,53.72,Television and Entertainment,Soundbars,43,4K UHD
2026-02-02,2026-02-02 10:51:36,television,167425,Sony,17987,23990,Available,https://www.vijaysales.com/p/167425/sony-ht-s20r-5-1channel-dolby-digital-soundbar-home-theatre-system-with-bluetooth-connectivity-black,https://vsprod.vijaysales.com/media/catalog/product/1/6/167425_1.jpg,5,25.02,Television and Entertainment,Soundbars,55,4K UHD
2026-02-02,2026-02-02 10:51:36,television,248318,TP-Link,1099,1999,Available,https://www.vijaysales.com/p/248318/tp-link-eh210-1-to-2-gigabit-ethernet-splitter-1000mbps-high-speed-plug-play-lan-rj45-network-switch-usb-powered-for-router-laptop-pc-tv-xbox-grey,https://vsprod.vijaysales.com/media/catalog/product/2/4/248318_1_.jpg,5,45.02,Computers and Laptops,Routers,43,8K
